в каком районе находится памятник ленину	SELECT AREAS.NAME FROM AREAS join ADDRESSES on AREAS.ID = ADDRESSES.ID_AREA join MONUMENTS on ADDRESSES.ID = MONUMENTS.ID_ADDRESS WHERE MONUMENTS.NAME like '%Ленину%'
в каком районе находится парк «ближние дубки»	SELECT AREAS.NAME FROM AREAS join ADDRESSES on AREAS.ID = ADDRESSES.ID_AREA join PARKS on ADDRESSES.ID = PARKS.ID_ADDRESS WHERE PARKS.NAME like '%ближние дубки%'
в каком районе находится ближние дубки	SELECT AREAS.NAME FROM AREAS join ADDRESSES on AREAS.ID = ADDRESSES.ID_AREA join PARKS on ADDRESSES.ID = PARKS.ID_ADDRESS WHERE PARKS.NAME like '%ближние дубки%'
в каком районе находятся ближние дубки	SELECT AREAS.NAME FROM AREAS join ADDRESSES on AREAS.ID = ADDRESSES.ID_AREA join PARKS on ADDRESSES.ID = PARKS.ID_ADDRESS WHERE PARKS.NAME like '%ближние дубки%'
в каком районе находится полежаевский парк	SELECT AREAS.NAME FROM AREAS join ADDRESSES on AREAS.ID = ADDRESSES.ID_AREA join PARKS on ADDRESSES.ID = PARKS.ID_ADDRESS WHERE PARKS.NAME like '%Полежаевский%'
в каком районе находится александрийский парк	SELECT AREAS.NAME FROM AREAS join ADDRESSES on AREAS.ID = ADDRESSES.ID_AREA join PARKS on ADDRESSES.ID = PARKS.ID_ADDRESS WHERE PARKS.NAME like '%Александрийский%'
в каком районе находится александровский парк	SELECT AREAS.NAME FROM AREAS join ADDRESSES on AREAS.ID = ADDRESSES.ID_AREA join PARKS on ADDRESSES.ID = PARKS.ID_ADDRESS WHERE PARKS.NAME like '%Александровский%'
в каком районе находится парк им. в.и.ленина	SELECT AREAS.NAME FROM AREAS join ADDRESSES on AREAS.ID = ADDRESSES.ID_AREA join PARKS on ADDRESSES.ID = PARKS.ID_ADDRESS WHERE PARKS.NAME like '%ленина%'
в каком районе находится парк им. ленина	SELECT AREAS.NAME FROM AREAS join ADDRESSES on AREAS.ID = ADDRESSES.ID_AREA join PARKS on ADDRESSES.ID = PARKS.ID_ADDRESS WHERE PARKS.NAME like '%ленина%'
в каком районе находится парк имени ленина	SELECT AREAS.NAME FROM AREAS join ADDRESSES on AREAS.ID = ADDRESSES.ID_AREA join PARKS on ADDRESSES.ID = PARKS.ID_ADDRESS WHERE PARKS.NAME like '%ленина%'
в каком районе находится парк ленина	SELECT AREAS.NAME FROM AREAS join ADDRESSES on AREAS.ID = ADDRESSES.ID_AREA join PARKS on ADDRESSES.ID = PARKS.ID_ADDRESS WHERE PARKS.NAME like '%ленина%'
в каком районе находится аллея фонтанов	SELECT AREAS.NAME FROM AREAS join ADDRESSES on AREAS.ID = ADDRESSES.ID_AREA join PARKS on ADDRESSES.ID = PARKS.ID_ADDRESS WHERE PARKS.NAME like '%аллея фонтанов%'
в каком районе находится английский парк	SELECT AREAS.NAME FROM AREAS join ADDRESSES on AREAS.ID = ADDRESSES.ID_AREA join PARKS on ADDRESSES.ID = PARKS.ID_ADDRESS WHERE PARKS.NAME like '%английский%'
в каком районе находится ансамбль большого дворца и Нижнего сада	SELECT AREAS.NAME FROM AREAS join ADDRESSES on AREAS.ID = ADDRESSES.ID_AREA join PARKS on ADDRESSES.ID = PARKS.ID_ADDRESS WHERE PARKS.NAME like '%ансамбль большого дворца и Нижнего сада%'
в каком районе находится ансамбль марли	SELECT AREAS.NAME FROM AREAS join ADDRESSES on AREAS.ID = ADDRESSES.ID_AREA join PARKS on ADDRESSES.ID = PARKS.ID_ADDRESS WHERE PARKS.NAME like '%ансамбль марли%'
в каком районе находится собственная дача	SELECT AREAS.NAME FROM AREAS join ADDRESSES on AREAS.ID = ADDRESSES.ID_AREA join PARKS on ADDRESSES.ID = PARKS.ID_ADDRESS WHERE PARKS.NAME like '%собственная дача%'
в каком районе находится верхний парк	SELECT AREAS.NAME FROM AREAS join ADDRESSES on AREAS.ID = ADDRESSES.ID_AREA join PARKS on ADDRESSES.ID = PARKS.ID_ADDRESS WHERE PARKS.NAME like '%верхний%'
в каком районе находится ансамбль верхнего парка и Нижнего сада	SELECT AREAS.NAME FROM AREAS join ADDRESSES on AREAS.ID = ADDRESSES.ID_AREA join PARKS on ADDRESSES.ID = PARKS.ID_ADDRESS WHERE PARKS.NAME like '%ансамбль верхнего парка и Нижнего сада%'
в каком районе находится знаменка	SELECT AREAS.NAME FROM AREAS join ADDRESSES on AREAS.ID = ADDRESSES.ID_AREA join PARKS on ADDRESSES.ID = PARKS.ID_ADDRESS WHERE PARKS.NAME like '%знаменка%'
в каком районе находится михайловская дача	SELECT AREAS.NAME FROM AREAS join ADDRESSES on AREAS.ID = ADDRESSES.ID_AREA join PARKS on ADDRESSES.ID = PARKS.ID_ADDRESS WHERE PARKS.NAME like '%ансамбль михайловской дачи%'
в каком районе находится михайловка	SELECT AREAS.NAME FROM AREAS join ADDRESSES on AREAS.ID = ADDRESSES.ID_AREA join PARKS on ADDRESSES.ID = PARKS.ID_ADDRESS WHERE PARKS.NAME like '%ансамбль михайловской дачи%'
в каком районе находится ансамбль михайловской дачи	SELECT AREAS.NAME FROM AREAS join ADDRESSES on AREAS.ID = ADDRESSES.ID_AREA join PARKS on ADDRESSES.ID = PARKS.ID_ADDRESS WHERE PARKS.NAME like '%ансамбль михайловской дачи%'
в каком районе находится петродворец	SELECT AREAS.NAME FROM AREAS join ADDRESSES on AREAS.ID = ADDRESSES.ID_AREA join PARKS on ADDRESSES.ID = PARKS.ID_ADDRESS WHERE PARKS.NAME like '%ансамбль петродворца%'
в каком районе находится ансамбль петродворца	SELECT AREAS.NAME FROM AREAS join ADDRESSES on AREAS.ID = ADDRESSES.ID_AREA join PARKS on ADDRESSES.ID = PARKS.ID_ADDRESS WHERE PARKS.NAME like '%ансамбль петродворца%'
в каком районе находится сергиевка	SELECT AREAS.NAME FROM AREAS join ADDRESSES on AREAS.ID = ADDRESSES.ID_AREA join PARKS on ADDRESSES.ID = PARKS.ID_ADDRESS WHERE PARKS.NAME like '%сергиевка%'
в каком районе находится стрельна	SELECT AREAS.NAME FROM AREAS join ADDRESSES on AREAS.ID = ADDRESSES.ID_AREA join PARKS on ADDRESSES.ID = PARKS.ID_ADDRESS WHERE PARKS.NAME like '%стрельна%'
в каком районе находится арт-галерея "дар"	SELECT AREAS.NAME FROM AREAS join ADDRESSES on AREAS.ID = ADDRESSES.ID_AREA join MUSEUMS on ADDRESSES.ID = PARKS.ID_ADDRESS WHERE MUSEUMS.NAME like '%арт-галерея "дар"%'
в каком районе находится дар	SELECT AREAS.NAME FROM AREAS join ADDRESSES on AREAS.ID = ADDRESSES.ID_AREA join MUSEUMS on ADDRESSES.ID = PARKS.ID_ADDRESS WHERE MUSEUMS.NAME like '%арт-галерея "дар"%'
в каком районе находится арт-галерея "либерти"	SELECT AREAS.NAME FROM AREAS join ADDRESSES on AREAS.ID = ADDRESSES.ID_AREA join MUSEUMS on ADDRESSES.ID = PARKS.ID_ADDRESS WHERE MUSEUMS.NAME like '%арт-галерея "либерти"%'
в каком районе находится либерти	SELECT AREAS.NAME FROM AREAS join ADDRESSES on AREAS.ID = ADDRESSES.ID_AREA join MUSEUMS on ADDRESSES.ID = PARKS.ID_ADDRESS WHERE MUSEUMS.NAME like '%арт-галерея "либерти"%'
в каком районе находится арт-галерея "Э"	SELECT AREAS.NAME FROM AREAS join ADDRESSES on AREAS.ID = ADDRESSES.ID_AREA join MUSEUMS on ADDRESSES.ID = PARKS.ID_ADDRESS WHERE MUSEUMS.NAME like '%арт-галерея "Э"%'
в каком районе находится вагон-музей	SELECT AREAS.NAME FROM AREAS join ADDRESSES on AREAS.ID = ADDRESSES.ID_AREA join MUSEUMS on ADDRESSES.ID = PARKS.ID_ADDRESS WHERE MUSEUMS.NAME like '%вагон-музей%'
в каком районе находится военно-исторический музей артиллерии, инженерных войск и войск связи	SELECT AREAS.NAME FROM AREAS join ADDRESSES on AREAS.ID = ADDRESSES.ID_AREA join MUSEUMS on ADDRESSES.ID = PARKS.ID_ADDRESS WHERE MUSEUMS.NAME like '%военно-исторический музей артиллерии, инженерных войск и войск связи%'
в каком районе находится выставка мостостроения	SELECT AREAS.NAME FROM AREAS join ADDRESSES on AREAS.ID = ADDRESSES.ID_AREA join MUSEUMS on ADDRESSES.ID = PARKS.ID_ADDRESS WHERE MUSEUMS.NAME like '%выставка мостостроения%'
в каком районе находятся выставочные залы конюшенного корпуса центрального парка культуры и отдыха им. с. м. кирова	SELECT AREAS.NAME FROM AREAS join ADDRESSES on AREAS.ID = ADDRESSES.ID_AREA join MUSEUMS on ADDRESSES.ID = PARKS.ID_ADDRESS WHERE MUSEUMS.NAME like '%выставочные залы конюшенного корпуса центрального парка культуры и отдыха им. с. м. кирова%'
в каком районе находятся выставочные залы конюшенного корпуса центрального парка культуры и отдыха им. кирова	SELECT AREAS.NAME FROM AREAS join ADDRESSES on AREAS.ID = ADDRESSES.ID_AREA join MUSEUMS on ADDRESSES.ID = PARKS.ID_ADDRESS WHERE MUSEUMS.NAME like '%выставочные залы конюшенного корпуса центрального парка культуры и отдыха им. с. м. кирова%'
в каком районе находятся выставочные залы конюшенного корпуса центрального парка культуры и отдыха имени кирова	SELECT AREAS.NAME FROM AREAS join ADDRESSES on AREAS.ID = ADDRESSES.ID_AREA join MUSEUMS on ADDRESSES.ID = PARKS.ID_ADDRESS WHERE MUSEUMS.NAME like '%выставочные залы конюшенного корпуса центрального парка культуры и отдыха им. с. м. кирова%'
в каком районе находятся выставочные залы конюшенного корпуса центрального парка культуры и отдыха	SELECT AREAS.NAME FROM AREAS join ADDRESSES on AREAS.ID = ADDRESSES.ID_AREA join MUSEUMS on ADDRESSES.ID = PARKS.ID_ADDRESS WHERE MUSEUMS.NAME like '%выставочные залы конюшенного корпуса центрального парка культуры и отдыха им. с. м. кирова%'
в каком районе находится выставочный зал «арт-курорт»	SELECT AREAS.NAME FROM AREAS join ADDRESSES on AREAS.ID = ADDRESSES.ID_AREA join MUSEUMS on ADDRESSES.ID = PARKS.ID_ADDRESS WHERE MUSEUMS.NAME like '%выставочный зал «арт-курорт»%'
в каком районе находится арт-курорт	SELECT AREAS.NAME FROM AREAS join ADDRESSES on AREAS.ID = ADDRESSES.ID_AREA join MUSEUMS on ADDRESSES.ID = PARKS.ID_ADDRESS WHERE MUSEUMS.NAME like '%выставочный зал «арт-курорт»%'
в каком районе находится выставочный центр «ленэкспо»	SELECT AREAS.NAME FROM AREAS join ADDRESSES on AREAS.ID = ADDRESSES.ID_AREA join MUSEUMS on ADDRESSES.ID = PARKS.ID_ADDRESS WHERE MUSEUMS.NAME like '%выставочный центр «ленэкспо»%'
в каком районе находится памятник любезным родителям	SELECT AREAS.NAME FROM AREAS join ADDRESSES on AREAS.ID = ADDRESSES.ID_AREA join MONUMENTS on ADDRESSES.ID = MONUMENTS.ID_ADDRESS WHERE MONUMENTS.NAME like '%любезным родителям%'
в каком районе находится мемориальная стела героям-ижорцам	SELECT AREAS.NAME FROM AREAS join ADDRESSES on AREAS.ID = ADDRESSES.ID_AREA join MONUMENTS on ADDRESSES.ID = MONUMENTS.ID_ADDRESS WHERE MONUMENTS.NAME like '%мемориальная стела героям-ижорцам%'
в каком районе находится памятник в честь подвига 72-го ижорского отдельного пулеметно-артиллерийского батальона	SELECT AREAS.NAME FROM AREAS join ADDRESSES on AREAS.ID = ADDRESSES.ID_AREA join MONUMENTS on ADDRESSES.ID = MONUMENTS.ID_ADDRESS WHERE MONUMENTS.NAME like '%в честь подвига 72-го ижорского отдельного пулеметно-артиллерийского батальона%'
в каком районе находится павильон росси	SELECT AREAS.NAME FROM AREAS join ADDRESSES on AREAS.ID = ADDRESSES.ID_AREA join MONUMENTS on ADDRESSES.ID = MONUMENTS.ID_ADDRESS WHERE MONUMENTS.NAME like '%павильон росси%'
в каком районе находится памятник марии фёдоровне	SELECT AREAS.NAME FROM AREAS join ADDRESSES on AREAS.ID = ADDRESSES.ID_AREA join MONUMENTS on ADDRESSES.ID = MONUMENTS.ID_ADDRESS WHERE MONUMENTS.NAME like '%марии фёдоровне%'
в каком районе находится памятник императрице марии фёдоровне	SELECT AREAS.NAME FROM AREAS join ADDRESSES on AREAS.ID = ADDRESSES.ID_AREA join MONUMENTS on ADDRESSES.ID = MONUMENTS.ID_ADDRESS WHERE MONUMENTS.NAME like '%императрице марии фёдоровне%'
в каком районе находится палисадник с оградой и памятником в.к. рентгену	SELECT AREAS.NAME FROM AREAS join ADDRESSES on AREAS.ID = ADDRESSES.ID_AREA join MONUMENTS on ADDRESSES.ID = MONUMENTS.ID_ADDRESS WHERE MONUMENTS.NAME like '%палисадник с оградой и памятником в.к. рентгену%'
в каком районе находится палисадник с оградой и памятником рентгену	SELECT AREAS.NAME FROM AREAS join ADDRESSES on AREAS.ID = ADDRESSES.ID_AREA join MONUMENTS on ADDRESSES.ID = MONUMENTS.ID_ADDRESS WHERE MONUMENTS.NAME like '%палисадник с оградой и памятником в.к. рентгену%'
в каком районе находится памятник героическому комсомолу	SELECT AREAS.NAME FROM AREAS join ADDRESSES on AREAS.ID = ADDRESSES.ID_AREA join MONUMENTS on ADDRESSES.ID = MONUMENTS.ID_ADDRESS WHERE MONUMENTS.NAME like '%героическому комсомолу%'
в каком районе находится памятник каспийцам-товарищам, павшим в войну 1904-1905 гг.	SELECT AREAS.NAME FROM AREAS join ADDRESSES on AREAS.ID = ADDRESSES.ID_AREA join MONUMENTS on ADDRESSES.ID = MONUMENTS.ID_ADDRESS WHERE MONUMENTS.NAME like '%каспийцам-товарищам, павшим в войну 1904-1905 гг.%'
в каком районе находится памятник каспийцам-товарищам	SELECT AREAS.NAME FROM AREAS join ADDRESSES on AREAS.ID = ADDRESSES.ID_AREA join MONUMENTS on ADDRESSES.ID = MONUMENTS.ID_ADDRESS WHERE MONUMENTS.NAME like '%каспийцам-товарищам, павшим в войну 1904-1905 гг.%'
в каком районе находится памятник адмиралу макарову с.о.	SELECT AREAS.NAME FROM AREAS join ADDRESSES on AREAS.ID = ADDRESSES.ID_AREA join MONUMENTS on ADDRESSES.ID = MONUMENTS.ID_ADDRESS WHERE MONUMENTS.NAME like '%адмиралу макарову с.о.%'
в каком районе находится памятник академику голицыну б.б.	SELECT AREAS.NAME FROM AREAS join ADDRESSES on AREAS.ID = ADDRESSES.ID_AREA join MONUMENTS on ADDRESSES.ID = MONUMENTS.ID_ADDRESS WHERE MONUMENTS.NAME like '%академику голицыну б.б.%'
в каком районе находится памятник баснописцу крылову и.а.	SELECT AREAS.NAME FROM AREAS join ADDRESSES on AREAS.ID = ADDRESSES.ID_AREA join MONUMENTS on ADDRESSES.ID = MONUMENTS.ID_ADDRESS WHERE MONUMENTS.NAME like '%баснописцу крылову и.а.%'
в каком районе находится памятник биологу мечникову и.и.	SELECT AREAS.NAME FROM AREAS join ADDRESSES on AREAS.ID = ADDRESSES.ID_AREA join MONUMENTS on ADDRESSES.ID = MONUMENTS.ID_ADDRESS WHERE MONUMENTS.NAME like '%биологу мечникову и.и.%'
в каком районе находится памятник богданову с. и., дважды герою советского союза	SELECT AREAS.NAME FROM AREAS join ADDRESSES on AREAS.ID = ADDRESSES.ID_AREA join MONUMENTS on ADDRESSES.ID = MONUMENTS.ID_ADDRESS WHERE MONUMENTS.NAME like '%богданову с. и., дважды герою советского союза%'
в каком районе находится памятник в.и. чапаеву	SELECT AREAS.NAME FROM AREAS join ADDRESSES on AREAS.ID = ADDRESSES.ID_AREA join MONUMENTS on ADDRESSES.ID = MONUMENTS.ID_ADDRESS WHERE MONUMENTS.NAME like '%в.и. чапаеву%'
в каком районе находится памятник великой княгине елене павловне	SELECT AREAS.NAME FROM AREAS join ADDRESSES on AREAS.ID = ADDRESSES.ID_AREA join MONUMENTS on ADDRESSES.ID = MONUMENTS.ID_ADDRESS WHERE MONUMENTS.NAME like '%великой княгине елене павловне%'
в каком районе находится памятник врачу боткину с.п.	SELECT AREAS.NAME FROM AREAS join ADDRESSES on AREAS.ID = ADDRESSES.ID_AREA join MONUMENTS on ADDRESSES.ID = MONUMENTS.ID_ADDRESS WHERE MONUMENTS.NAME like '%врачу боткину с.п.%'
в каком районе находится памятник адмиралу макарову	SELECT AREAS.NAME FROM AREAS join ADDRESSES on AREAS.ID = ADDRESSES.ID_AREA join MONUMENTS on ADDRESSES.ID = MONUMENTS.ID_ADDRESS WHERE MONUMENTS.NAME like '%адмиралу макарову%'
в каком районе находится памятник макарову	SELECT AREAS.NAME FROM AREAS join ADDRESSES on AREAS.ID = ADDRESSES.ID_AREA join MONUMENTS on ADDRESSES.ID = MONUMENTS.ID_ADDRESS WHERE MONUMENTS.NAME like '%адмиралу макарову%'
в каком районе находится памятник крылову	SELECT AREAS.NAME FROM AREAS join ADDRESSES on AREAS.ID = ADDRESSES.ID_AREA join MONUMENTS on ADDRESSES.ID = MONUMENTS.ID_ADDRESS WHERE MONUMENTS.NAME like '%баснописцу крылову и.а.%'
в каком районе находится памятник боткину	SELECT AREAS.NAME FROM AREAS join ADDRESSES on AREAS.ID = ADDRESSES.ID_AREA join MONUMENTS on ADDRESSES.ID = MONUMENTS.ID_ADDRESS WHERE MONUMENTS.NAME like '%боткину%'
где находится памятник ленину	SELECT ADDRESSES.STREET, ADDRESSES.HOUSENUMBER, AREAS.NAME FROM AREAS join ADDRESSES on AREAS.ID = ADDRESSES.ID_AREA join MONUMENTS on ADDRESSES.ID = MONUMENTS.ID_ADDRESS WHERE MONUMENTS.NAME like '%Ленину%'
где находится парк «ближние дубки»	SELECT ADDRESSES.STREET, ADDRESSES.HOUSENUMBER, AREAS.NAME FROM AREAS join ADDRESSES on AREAS.ID = ADDRESSES.ID_AREA join PARKS on ADDRESSES.ID = PARKS.ID_ADDRESS WHERE PARKS.NAME like '%Ближние дубки%'
где находится полежаевский парк	SELECT ADDRESSES.STREET, ADDRESSES.HOUSENUMBER, AREAS.NAME FROM AREAS join ADDRESSES on AREAS.ID = ADDRESSES.ID_AREA join PARKS on ADDRESSES.ID = PARKS.ID_ADDRESS WHERE PARKS.NAME like '%Полежаевский%'
где находится александрийский парк	SELECT ADDRESSES.STREET, ADDRESSES.HOUSENUMBER, AREAS.NAME FROM AREAS join ADDRESSES on AREAS.ID = ADDRESSES.ID_AREA join PARKS on ADDRESSES.ID = PARKS.ID_ADDRESS WHERE PARKS.NAME like '%Александрийский%'
где находится александровский парк	SELECT ADDRESSES.STREET, ADDRESSES.HOUSENUMBER, AREAS.NAME FROM AREAS join ADDRESSES on AREAS.ID = ADDRESSES.ID_AREA join PARKS on ADDRESSES.ID = PARKS.ID_ADDRESS WHERE PARKS.NAME like '%Александровский%'
где находится парк им. в.и.ленина	SELECT ADDRESSES.STREET, ADDRESSES.HOUSENUMBER, AREAS.NAME FROM AREAS join ADDRESSES on AREAS.ID = ADDRESSES.ID_AREA join PARKS on ADDRESSES.ID = PARKS.ID_ADDRESS WHERE PARKS.NAME like '%им. В.И.Ленина%'
где находится аллея фонтанов	SELECT ADDRESSES.STREET, ADDRESSES.HOUSENUMBER, AREAS.NAME FROM AREAS join ADDRESSES on AREAS.ID = ADDRESSES.ID_AREA join PARKS on ADDRESSES.ID = PARKS.ID_ADDRESS WHERE PARKS.NAME like '%Аллея фонтанов%'
где находится английский парк	SELECT ADDRESSES.STREET, ADDRESSES.HOUSENUMBER, AREAS.NAME FROM AREAS join ADDRESSES on AREAS.ID = ADDRESSES.ID_AREA join PARKS on ADDRESSES.ID = PARKS.ID_ADDRESS WHERE PARKS.NAME like '%Английский%'
где находится ансамбль марли	SELECT ADDRESSES.STREET, ADDRESSES.HOUSENUMBER, AREAS.NAME FROM AREAS join ADDRESSES on AREAS.ID = ADDRESSES.ID_AREA join PARKS on ADDRESSES.ID = PARKS.ID_ADDRESS WHERE PARKS.NAME like '%марли%'
где находится знаменка	SELECT ADDRESSES.STREET, ADDRESSES.HOUSENUMBER, AREAS.NAME FROM AREAS join ADDRESSES on AREAS.ID = ADDRESSES.ID_AREA join PARKS on ADDRESSES.ID = PARKS.ID_ADDRESS WHERE PARKS.NAME like '%Знаменка%'
где находится михайловская дача	SELECT ADDRESSES.STREET, ADDRESSES.HOUSENUMBER, AREAS.NAME FROM AREAS join ADDRESSES on AREAS.ID = ADDRESSES.ID_AREA join PARKS on ADDRESSES.ID = PARKS.ID_ADDRESS WHERE PARKS.NAME like '%Ансамбль Михайловской дачи%'
где находится михайловка	SELECT ADDRESSES.STREET, ADDRESSES.HOUSENUMBER, AREAS.NAME FROM AREAS join ADDRESSES on AREAS.ID = ADDRESSES.ID_AREA join PARKS on ADDRESSES.ID = PARKS.ID_ADDRESS WHERE PARKS.NAME like '%Ансамбль Михайловской дачи%'
где находится ансамбль михайловской дачи	SELECT ADDRESSES.STREET, ADDRESSES.HOUSENUMBER, AREAS.NAME FROM AREAS join ADDRESSES on AREAS.ID = ADDRESSES.ID_AREA join PARKS on ADDRESSES.ID = PARKS.ID_ADDRESS WHERE PARKS.NAME like '%Ансамбль Михайловской дачи%'
где находится собственная дача	SELECT ADDRESSES.STREET, ADDRESSES.HOUSENUMBER, AREAS.NAME FROM AREAS join ADDRESSES on AREAS.ID = ADDRESSES.ID_AREA join PARKS on ADDRESSES.ID = PARKS.ID_ADDRESS WHERE PARKS.NAME like '%Собственная дача%'
где находится верхний парк	SELECT ADDRESSES.STREET, ADDRESSES.HOUSENUMBER, AREAS.NAME FROM AREAS join ADDRESSES on AREAS.ID = ADDRESSES.ID_AREA join PARKS on ADDRESSES.ID = PARKS.ID_ADDRESS WHERE PARKS.NAME like '%Верхний%'
где находится ансамбль верхнего парка и нижнего сада	SELECT ADDRESSES.STREET, ADDRESSES.HOUSENUMBER, AREAS.NAME FROM AREAS join ADDRESSES on AREAS.ID = ADDRESSES.ID_AREA join PARKS on ADDRESSES.ID = PARKS.ID_ADDRESS WHERE PARKS.NAME like '%Ансамбль Верхнего парка и Нижнего сада%'
где находится петродворец	SELECT ADDRESSES.STREET, ADDRESSES.HOUSENUMBER, AREAS.NAME FROM AREAS join ADDRESSES on AREAS.ID = ADDRESSES.ID_AREA join PARKS on ADDRESSES.ID = PARKS.ID_ADDRESS WHERE PARKS.NAME like '%Петродворец%'
где находится арт-галерея "Э"	SELECT ADDRESSES.STREET, ADDRESSES.HOUSENUMBER, AREAS.NAME FROM AREAS join ADDRESSES on AREAS.ID = ADDRESSES.ID_AREA join MUSEUMS on ADDRESSES.ID = MUSEUMS.ID_ADDRESS WHERE MUSEUMS.NAME like '%Арт-галерея "Э"%'
где находится либерти	SELECT ADDRESSES.STREET, ADDRESSES.HOUSENUMBER, AREAS.NAME FROM AREAS join ADDRESSES on AREAS.ID = ADDRESSES.ID_AREA join MUSEUMS on ADDRESSES.ID = MUSEUMS.ID_ADDRESS WHERE MUSEUMS.NAME like '%Арт-галерея "Либерти"%'
где находится арт-галерея "либерти"	SELECT ADDRESSES.STREET, ADDRESSES.HOUSENUMBER, AREAS.NAME FROM AREAS join ADDRESSES on AREAS.ID = ADDRESSES.ID_AREA join MUSEUMS on ADDRESSES.ID = MUSEUMS.ID_ADDRESS WHERE MUSEUMS.NAME like '%Арт-галерея "Либерти"%'
где находится дар	SELECT ADDRESSES.STREET, ADDRESSES.HOUSENUMBER, AREAS.NAME FROM AREAS join ADDRESSES on AREAS.ID = ADDRESSES.ID_AREA join MUSEUMS on ADDRESSES.ID = MUSEUMS.ID_ADDRESS WHERE MUSEUMS.NAME like '%Арт-галерея "Дар"%'
где находится арт-галерея "дар"	SELECT ADDRESSES.STREET, ADDRESSES.HOUSENUMBER, AREAS.NAME FROM AREAS join ADDRESSES on AREAS.ID = ADDRESSES.ID_AREA join MUSEUMS on ADDRESSES.ID = MUSEUMS.ID_ADDRESS WHERE MUSEUMS.NAME like '%Арт-галерея "Дар"%'
где находится стрельна	SELECT ADDRESSES.STREET, ADDRESSES.HOUSENUMBER, AREAS.NAME FROM AREAS join ADDRESSES on AREAS.ID = ADDRESSES.ID_AREA join PARKS on ADDRESSES.ID = PARKS.ID_ADDRESS WHERE PARKS.NAME like '%Стрельна%'
где находится сергиевка	SELECT ADDRESSES.STREET, ADDRESSES.HOUSENUMBER, AREAS.NAME FROM AREAS join ADDRESSES on AREAS.ID = ADDRESSES.ID_AREA join PARKS on ADDRESSES.ID = PARKS.ID_ADDRESS WHERE PARKS.NAME like '%Сергиевка%'
где находится военно-исторический музей артиллерии, инженерных войск и войск связи	SELECT ADDRESSES.STREET, ADDRESSES.HOUSENUMBER, AREAS.NAME FROM AREAS join ADDRESSES on AREAS.ID = ADDRESSES.ID_AREA join MUSEUMS on ADDRESSES.ID = MUSEUMS.ID_ADDRESS WHERE MUSEUMS.NAME like '%Военно-исторический музей артиллерии, инженерных войск и войск связи%'
где находится выставка мостостроения	SELECT ADDRESSES.STREET, ADDRESSES.HOUSENUMBER, AREAS.NAME FROM AREAS join ADDRESSES on AREAS.ID = ADDRESSES.ID_AREA join MUSEUMS on ADDRESSES.ID = MUSEUMS.ID_ADDRESS WHERE MUSEUMS.NAME like '%Выставка мостостроения%'
где находятся выставочные залы конюшенного корпуса центрального парка культуры и отдыха им. с. м. кирова	SELECT ADDRESSES.STREET, ADDRESSES.HOUSENUMBER, AREAS.NAME FROM AREAS join ADDRESSES on AREAS.ID = ADDRESSES.ID_AREA join MUSEUMS on ADDRESSES.ID = MUSEUMS.ID_ADDRESS WHERE MUSEUMS.NAME like '%Выставочные залы конюшенного корпуса центрального парка культуры и отдыха им. С.М. Кирова%'
где находятся выставочные залы конюшенного корпуса центрального парка культуры и отдыха им. кирова	SELECT ADDRESSES.STREET, ADDRESSES.HOUSENUMBER, AREAS.NAME FROM AREAS join ADDRESSES on AREAS.ID = ADDRESSES.ID_AREA join MUSEUMS on ADDRESSES.ID = MUSEUMS.ID_ADDRESS WHERE MUSEUMS.NAME like '%Выставочные залы конюшенного корпуса центрального парка культуры и отдыха им. С.М. Кирова%'
где находятся выставочные залы конюшенного корпуса центрального парка культуры и отдыха имени кирова	SELECT ADDRESSES.STREET, ADDRESSES.HOUSENUMBER, AREAS.NAME FROM AREAS join ADDRESSES on AREAS.ID = ADDRESSES.ID_AREA join MUSEUMS on ADDRESSES.ID = MUSEUMS.ID_ADDRESS WHERE MUSEUMS.NAME like '%Выставочные залы конюшенного корпуса центрального парка культуры и отдыха им. С.М. Кирова%'
где находятся выставочные залы конюшенного корпуса центрального парка культуры и отдыха	SELECT ADDRESSES.STREET, ADDRESSES.HOUSENUMBER, AREAS.NAME FROM AREAS join ADDRESSES on AREAS.ID = ADDRESSES.ID_AREA join MUSEUMS on ADDRESSES.ID = MUSEUMS.ID_ADDRESS WHERE MUSEUMS.NAME like '%Выставочные залы конюшенного корпуса центрального парка культуры и отдыха им. С.М. Кирова%'
где находится выставочный зал «арт-курорт»	SELECT ADDRESSES.STREET, ADDRESSES.HOUSENUMBER, AREAS.NAME FROM AREAS join ADDRESSES on AREAS.ID = ADDRESSES.ID_AREA join MUSEUMS on ADDRESSES.ID = MUSEUMS.ID_ADDRESS WHERE MUSEUMS.NAME like '%Выставочный зал «Арт-курорт»%'
где находится арт-курорт	SELECT ADDRESSES.STREET, ADDRESSES.HOUSENUMBER, AREAS.NAME FROM AREAS join ADDRESSES on AREAS.ID = ADDRESSES.ID_AREA join MUSEUMS on ADDRESSES.ID = MUSEUMS.ID_ADDRESS WHERE MUSEUMS.NAME like '%Выставочный зал «Арт-курорт»%'
где находится выставочный центр «ленэкспо»	SELECT ADDRESSES.STREET, ADDRESSES.HOUSENUMBER, AREAS.NAME FROM AREAS join ADDRESSES on AREAS.ID = ADDRESSES.ID_AREA join MUSEUMS on ADDRESSES.ID = MUSEUMS.ID_ADDRESS WHERE MUSEUMS.NAME like '%Выставочный зал «Ленэкспо»%'
где находится памятник любезным родителям	SELECT ADDRESSES.STREET, ADDRESSES.HOUSENUMBER, AREAS.NAME FROM AREAS join ADDRESSES on AREAS.ID = ADDRESSES.ID_AREA join MONUMENTS on ADDRESSES.ID = MONUMENTS.ID_ADDRESS WHERE MONUMENTS.NAME like '%любезным родителям%'
где находится мемориальная стела героям-ижорцам	SELECT ADDRESSES.STREET, ADDRESSES.HOUSENUMBER, AREAS.NAME FROM AREAS join ADDRESSES on AREAS.ID = ADDRESSES.ID_AREA join MONUMENTS on ADDRESSES.ID = MONUMENTS.ID_ADDRESS WHERE MONUMENTS.NAME like '%стела героям-ижорцам%'
где находится памятник в честь подвига 72-го ижорского отдельного пулеметно-артиллерийского батальона	SELECT ADDRESSES.STREET, ADDRESSES.HOUSENUMBER, AREAS.NAME FROM AREAS join ADDRESSES on AREAS.ID = ADDRESSES.ID_AREA join MONUMENTS on ADDRESSES.ID = MONUMENTS.ID_ADDRESS WHERE MONUMENTS.NAME like '%стела героям-ижорцам%'
где находится павильон росси	SELECT ADDRESSES.STREET, ADDRESSES.HOUSENUMBER, AREAS.NAME FROM AREAS join ADDRESSES on AREAS.ID = ADDRESSES.ID_AREA join MONUMENTS on ADDRESSES.ID = MONUMENTS.ID_ADDRESS WHERE MONUMENTS.NAME like '%Павильон Росси%'
где находится памятник марии фёдоровне	SELECT ADDRESSES.STREET, ADDRESSES.HOUSENUMBER, AREAS.NAME FROM AREAS join ADDRESSES on AREAS.ID = ADDRESSES.ID_AREA join MONUMENTS on ADDRESSES.ID = MONUMENTS.ID_ADDRESS WHERE MONUMENTS.NAME like '%императрице марии фёдоровне%'
где находится памятник императрице марии фёдоровне	SELECT ADDRESSES.STREET, ADDRESSES.HOUSENUMBER, AREAS.NAME FROM AREAS join ADDRESSES on AREAS.ID = ADDRESSES.ID_AREA join MONUMENTS on ADDRESSES.ID = MONUMENTS.ID_ADDRESS WHERE MONUMENTS.NAME like '%императрице марии фёдоровне%'
где находится палисадник с оградой и памятником в.к. рентгену	SELECT ADDRESSES.STREET, ADDRESSES.HOUSENUMBER, AREAS.NAME FROM AREAS join ADDRESSES on AREAS.ID = ADDRESSES.ID_AREA join MONUMENTS on ADDRESSES.ID = MONUMENTS.ID_ADDRESS WHERE MONUMENTS.NAME like '%Палисадник с оградой и памятником В.К. Рентгену%'
где находится палисадник с оградой и памятником рентгену	SELECT ADDRESSES.STREET, ADDRESSES.HOUSENUMBER, AREAS.NAME FROM AREAS join ADDRESSES on AREAS.ID = ADDRESSES.ID_AREA join MONUMENTS on ADDRESSES.ID = MONUMENTS.ID_ADDRESS WHERE MONUMENTS.NAME like '%Палисадник с оградой и памятником В.К. Рентгену%'
где находится ансамбль петродворца	SELECT ADDRESSES.STREET, ADDRESSES.HOUSENUMBER, AREAS.NAME FROM AREAS join ADDRESSES on AREAS.ID = ADDRESSES.ID_AREA join PARKS on ADDRESSES.ID = PARKS.ID_ADDRESS WHERE PARKS.NAME like '%Ансамбль Петродворца%'
где находится памятник героическому комсомолу	SELECT ADDRESSES.STREET, ADDRESSES.HOUSENUMBER, AREAS.NAME FROM AREAS join ADDRESSES on AREAS.ID = ADDRESSES.ID_AREA join MONUMENTS on ADDRESSES.ID = MONUMENTS.ID_ADDRESS WHERE MONUMENTS.NAME like '%героическому комсомолу%'
где находится памятник каспийцам-товарищам, павшим в войну 1904-1905 гг.	SELECT ADDRESSES.STREET, ADDRESSES.HOUSENUMBER, AREAS.NAME FROM AREAS join ADDRESSES on AREAS.ID = ADDRESSES.ID_AREA join MONUMENTS on ADDRESSES.ID = MONUMENTS.ID_ADDRESS WHERE MONUMENTS.NAME like '%каспийцам-товарищам, павшим в войну 1904-1905 гг.%'
где находится памятник каспийцам-товарищам	SELECT ADDRESSES.STREET, ADDRESSES.HOUSENUMBER, AREAS.NAME FROM AREAS join ADDRESSES on AREAS.ID = ADDRESSES.ID_AREA join MONUMENTS on ADDRESSES.ID = MONUMENTS.ID_ADDRESS WHERE MONUMENTS.NAME like'%каспийцам-товарищам, павшим в войну 1904-1905 гг.%'
где находится памятник адмиралу макарову с.о.	SELECT ADDRESSES.STREET, ADDRESSES.HOUSENUMBER, AREAS.NAME FROM AREAS join ADDRESSES on AREAS.ID = ADDRESSES.ID_AREA join MONUMENTS on ADDRESSES.ID = MONUMENTS.ID_ADDRESS WHERE MONUMENTS.NAME like '%адмиралу Макарову С.О.%'
где находится памятник академику голицыну б.б.	SELECT ADDRESSES.STREET, ADDRESSES.HOUSENUMBER, AREAS.NAME FROM AREAS join ADDRESSES on AREAS.ID = ADDRESSES.ID_AREA join MONUMENTS on ADDRESSES.ID = MONUMENTS.ID_ADDRESS WHERE MONUMENTS.NAME like '%академику Голицыну Б.Б.%'
где находится памятник академику голицыну	SELECT ADDRESSES.STREET, ADDRESSES.HOUSENUMBER, AREAS.NAME FROM AREAS join ADDRESSES on AREAS.ID = ADDRESSES.ID_AREA join MONUMENTS on ADDRESSES.ID = MONUMENTS.ID_ADDRESS WHERE MONUMENTS.NAME like '%академику Голицыну Б.Б.%'
где находится памятник голицыну	SELECT ADDRESSES.STREET, ADDRESSES.HOUSENUMBER, AREAS.NAME FROM AREAS join ADDRESSES on AREAS.ID = ADDRESSES.ID_AREA join MONUMENTS on ADDRESSES.ID = MONUMENTS.ID_ADDRESS WHERE MONUMENTS.NAME like '%академику Голицыну Б.Б.%'
где находится памятник баснописцу крылову и.а.	SELECT ADDRESSES.STREET, ADDRESSES.HOUSENUMBER, AREAS.NAME FROM AREAS join ADDRESSES on AREAS.ID = ADDRESSES.ID_AREA join MONUMENTS on ADDRESSES.ID = MONUMENTS.ID_ADDRESS WHERE MONUMENTS.NAME like '%баснописцу Крылову И.А.%'
где находится памятник баснописцу крылову	SELECT ADDRESSES.STREET, ADDRESSES.HOUSENUMBER, AREAS.NAME FROM AREAS join ADDRESSES on AREAS.ID = ADDRESSES.ID_AREA join MONUMENTS on ADDRESSES.ID = MONUMENTS.ID_ADDRESS WHERE MONUMENTS.NAME like '%баснописцу Крылову И.А.%'
где находится памятник крылову	SELECT ADDRESSES.STREET, ADDRESSES.HOUSENUMBER, AREAS.NAME FROM AREAS join ADDRESSES on AREAS.ID = ADDRESSES.ID_AREA join MONUMENTS on ADDRESSES.ID = MONUMENTS.ID_ADDRESS WHERE MONUMENTS.NAME like '%баснописцу Крылову И.А.%'
где находится памятник биологу мечникову и.и.	SELECT ADDRESSES.STREET, ADDRESSES.HOUSENUMBER, AREAS.NAME FROM AREAS join ADDRESSES on AREAS.ID = ADDRESSES.ID_AREA join MONUMENTS on ADDRESSES.ID = MONUMENTS.ID_ADDRESS WHERE MONUMENTS.NAME like '%биологу Мечникову И.И.%'
где находится памятник биологу мечникову	SELECT ADDRESSES.STREET, ADDRESSES.HOUSENUMBER, AREAS.NAME FROM AREAS join ADDRESSES on AREAS.ID = ADDRESSES.ID_AREA join MONUMENTS on ADDRESSES.ID = MONUMENTS.ID_ADDRESS WHERE MONUMENTS.NAME like '%биологу Мечникову И.И.%'
где находится памятник мечникову и.и.	SELECT ADDRESSES.STREET, ADDRESSES.HOUSENUMBER, AREAS.NAME FROM AREAS join ADDRESSES on AREAS.ID = ADDRESSES.ID_AREA join MONUMENTS on ADDRESSES.ID = MONUMENTS.ID_ADDRESS WHERE MONUMENTS.NAME like '%биологу Мечникову И.И.%'
где находится памятник мечникову	SELECT ADDRESSES.STREET, ADDRESSES.HOUSENUMBER, AREAS.NAME FROM AREAS join ADDRESSES on AREAS.ID = ADDRESSES.ID_AREA join MONUMENTS on ADDRESSES.ID = MONUMENTS.ID_ADDRESS WHERE MONUMENTS.NAME like '%биологу Мечникову И.И.%'
где находится памятник богданову с. и., дважды герою советского союза	SELECT ADDRESSES.STREET, ADDRESSES.HOUSENUMBER, AREAS.NAME FROM AREAS join ADDRESSES on AREAS.ID = ADDRESSES.ID_AREA join MONUMENTS on ADDRESSES.ID = MONUMENTS.ID_ADDRESS WHERE MONUMENTS.NAME like '%Богданову С. И., дважды герою Советского Союза%'
где находится памятник богданову с. и.	SELECT ADDRESSES.STREET, ADDRESSES.HOUSENUMBER, AREAS.NAME FROM AREAS join ADDRESSES on AREAS.ID = ADDRESSES.ID_AREA join MONUMENTS on ADDRESSES.ID = MONUMENTS.ID_ADDRESS WHERE MONUMENTS.NAME like '%Богданову С. И., дважды герою Советского Союза%'
где находится памятник богданову	SELECT ADDRESSES.STREET, ADDRESSES.HOUSENUMBER, AREAS.NAME FROM AREAS join ADDRESSES on AREAS.ID = ADDRESSES.ID_AREA join MONUMENTS on ADDRESSES.ID = MONUMENTS.ID_ADDRESS WHERE MONUMENTS.NAME like '%Богданову С. И., дважды герою Советского Союза%'
где находится памятник в.и. чапаеву	SELECT ADDRESSES.STREET, ADDRESSES.HOUSENUMBER, AREAS.NAME FROM AREAS join ADDRESSES on AREAS.ID = ADDRESSES.ID_AREA join MONUMENTS on ADDRESSES.ID = MONUMENTS.ID_ADDRESS WHERE MONUMENTS.NAME like '%В.И. Чапаеву%'
где находится памятник чапаеву	SELECT ADDRESSES.STREET, ADDRESSES.HOUSENUMBER, AREAS.NAME FROM AREAS join ADDRESSES on AREAS.ID = ADDRESSES.ID_AREA join MONUMENTS on ADDRESSES.ID = MONUMENTS.ID_ADDRESS WHERE MONUMENTS.NAME like '%В.И. Чапаеву%'
где находится памятник великой княгине елене павловне	SELECT ADDRESSES.STREET, ADDRESSES.HOUSENUMBER, AREAS.NAME FROM AREAS join ADDRESSES on AREAS.ID = ADDRESSES.ID_AREA join MONUMENTS on ADDRESSES.ID = MONUMENTS.ID_ADDRESS WHERE MONUMENTS.NAME like '%великой княгине Елене Павловне%'
где находится памятник врачу боткину	SELECT ADDRESSES.STREET, ADDRESSES.HOUSENUMBER, AREAS.NAME FROM AREAS join ADDRESSES on AREAS.ID = ADDRESSES.ID_AREA join MONUMENTS on ADDRESSES.ID = MONUMENTS.ID_ADDRESS WHERE MONUMENTS.NAME like '%врачу Боткину%'
где находится памятник боткину	SELECT ADDRESSES.STREET, ADDRESSES.HOUSENUMBER, AREAS.NAME FROM AREAS join ADDRESSES on AREAS.ID = ADDRESSES.ID_AREA join MONUMENTS on ADDRESSES.ID = MONUMENTS.ID_ADDRESS WHERE MONUMENTS.NAME like '%врачу Боткину%'
где находится памятник адмиралу макарову	SELECT ADDRESSES.STREET, ADDRESSES.HOUSENUMBER, AREAS.NAME FROM AREAS join ADDRESSES on AREAS.ID = ADDRESSES.ID_AREA join MONUMENTS on ADDRESSES.ID = MONUMENTS.ID_ADDRESS WHERE MONUMENTS.NAME like '%адмиралу Макарову С.О.%'
где находится каменностровский дворец	SELECT ADDRESSES.STREET, ADDRESSES.HOUSENUMBER, AREAS.NAME FROM AREAS join ADDRESSES on AREAS.ID = ADDRESSES.ID_AREA join HOMESTEADS on ADDRESSES.ID = HOMESTEADS.ID_ADDRESS WHERE HOMESTEADS.NAME like '%Каменностровский%'
адрес нижнего парка	SELECT ADDRESSES.STREET, ADDRESSES.HOUSENUMBER, AREAS.NAME FROM AREAS join ADDRESSES on AREAS.ID = ADDRESSES.ID_AREA join PARKS on ADDRESSES.ID = PARKS.ID_ADDRESS WHERE PARKS.NAME like '%Нижний%'
адрес памятника ленину	SELECT ADDRESSES.STREET, ADDRESSES.HOUSENUMBER, AREAS.NAME FROM AREAS join ADDRESSES on AREAS.ID = ADDRESSES.ID_AREA join MONUMENTS on ADDRESSES.ID = MONUMENTS.ID_ADDRESS WHERE MONUMENTS.NAME like '%Ленину%'
адрес памятника боткину	SELECT ADDRESSES.STREET, ADDRESSES.HOUSENUMBER, AREAS.NAME FROM AREAS join ADDRESSES on AREAS.ID = ADDRESSES.ID_AREA join MONUMENTS on ADDRESSES.ID = MONUMENTS.ID_ADDRESS WHERE MONUMENTS.NAME like '%врачу Боткину%'
адрес памятника крылову	SELECT ADDRESSES.STREET, ADDRESSES.HOUSENUMBER, AREAS.NAME FROM AREAS join ADDRESSES on AREAS.ID = ADDRESSES.ID_AREA join MONUMENTS on ADDRESSES.ID = MONUMENTS.ID_ADDRESS WHERE MONUMENTS.NAME like '%баснописцу Крылову И.А.%'
адрес памятника макарову	SELECT ADDRESSES.STREET, ADDRESSES.HOUSENUMBER, AREAS.NAME FROM AREAS join ADDRESSES on AREAS.ID = ADDRESSES.ID_AREA join MONUMENTS on ADDRESSES.ID = MONUMENTS.ID_ADDRESS WHERE MONUMENTS.NAME like '%адмиралу Макарову С.О.%'
адрес памятника адмиралу макарову	SELECT ADDRESSES.STREET, ADDRESSES.HOUSENUMBER, AREAS.NAME FROM AREAS join ADDRESSES on AREAS.ID = ADDRESSES.ID_AREA join MONUMENTS on ADDRESSES.ID = MONUMENTS.ID_ADDRESS WHERE MONUMENTS.NAME like '%адмиралу Макарову С.О.%'
адрес памятника врачу боткину	SELECT ADDRESSES.STREET, ADDRESSES.HOUSENUMBER, AREAS.NAME FROM AREAS join ADDRESSES on AREAS.ID = ADDRESSES.ID_AREA join MONUMENTS on ADDRESSES.ID = MONUMENTS.ID_ADDRESS WHERE MONUMENTS.NAME like '%врачу Боткину%'
адрес павильона росси	SELECT ADDRESSES.STREET, ADDRESSES.HOUSENUMBER, AREAS.NAME FROM AREAS join ADDRESSES on AREAS.ID = ADDRESSES.ID_AREA join MONUMENTS on ADDRESSES.ID = MONUMENTS.ID_ADDRESS WHERE MONUMENTS.NAME like '%Павильон Росси%'
адрес мемориальной стелы героям-ижорцам	SELECT ADDRESSES.STREET, ADDRESSES.HOUSENUMBER, AREAS.NAME FROM AREAS join ADDRESSES on AREAS.ID = ADDRESSES.ID_AREA join MONUMENTS on ADDRESSES.ID = MONUMENTS.ID_ADDRESS WHERE MONUMENTS.NAME like '%стела героям-ижорцам%'
адрес михайловки	SELECT ADDRESSES.STREET, ADDRESSES.HOUSENUMBER, AREAS.NAME FROM AREAS join ADDRESSES on AREAS.ID = ADDRESSES.ID_AREA join PARKS on ADDRESSES.ID = PARKS.ID_ADDRESS WHERE PARKS.NAME like '%Ансамбль Михайловской дачи%'
адрес либерти	SELECT ADDRESSES.STREET, ADDRESSES.HOUSENUMBER, AREAS.NAME FROM AREAS join ADDRESSES on AREAS.ID = ADDRESSES.ID_AREA join MUSEUMS on ADDRESSES.ID = MUSEUMS.ID_ADDRESS WHERE MUSEUMS.NAME like '%Арт-галерея "Либерти"%'
адрес сергиевки	SELECT ADDRESSES.STREET, ADDRESSES.HOUSENUMBER, AREAS.NAME FROM AREAS join ADDRESSES on AREAS.ID = ADDRESSES.ID_AREA join PARKS on ADDRESSES.ID = PARKS.ID_ADDRESS WHERE PARKS.NAME like '%Сергиевка%'
адрес собственной дачи	SELECT ADDRESSES.STREET, ADDRESSES.HOUSENUMBER, AREAS.NAME FROM AREAS join ADDRESSES on AREAS.ID = ADDRESSES.ID_AREA join PARKS on ADDRESSES.ID = PARKS.ID_ADDRESS WHERE PARKS.NAME like '%Собственная дача%'
адрес верхнего парка	SELECT ADDRESSES.STREET, ADDRESSES.HOUSENUMBER, AREAS.NAME FROM AREAS join ADDRESSES on AREAS.ID = ADDRESSES.ID_AREA join PARKS on ADDRESSES.ID = PARKS.ID_ADDRESS WHERE PARKS.NAME like '%Верхний%'
адрес александрийского парка	SELECT ADDRESSES.STREET, ADDRESSES.HOUSENUMBER, AREAS.NAME FROM AREAS join ADDRESSES on AREAS.ID = ADDRESSES.ID_AREA join PARKS on ADDRESSES.ID = PARKS.ID_ADDRESS WHERE PARKS.NAME like '%Александрийский%'
адрес александровского парка	SELECT ADDRESSES.STREET, ADDRESSES.HOUSENUMBER, AREAS.NAME FROM AREAS join ADDRESSES on AREAS.ID = ADDRESSES.ID_AREA join PARKS on ADDRESSES.ID = PARKS.ID_ADDRESS WHERE PARKS.NAME like '%Александровский%'
адрес михайловской дачи	SELECT ADDRESSES.STREET, ADDRESSES.HOUSENUMBER, AREAS.NAME FROM AREAS join ADDRESSES on AREAS.ID = ADDRESSES.ID_AREA join PARKS on ADDRESSES.ID = PARKS.ID_ADDRESS WHERE PARKS.NAME like '%Ансамбль Михайловской дачи%'
адрес аллеи фонтанов	SELECT ADDRESSES.STREET, ADDRESSES.HOUSENUMBER, AREAS.NAME FROM AREAS join ADDRESSES on AREAS.ID = ADDRESSES.ID_AREA join PARKS on ADDRESSES.ID = PARKS.ID_ADDRESS WHERE PARKS.NAME like '%Аллея фонтанов%'
адрес английского дворца	SELECT ADDRESSES.STREET, ADDRESSES.HOUSENUMBER, AREAS.NAME FROM AREAS join ADDRESSES on AREAS.ID = ADDRESSES.ID_AREA join HOMESTEADS on ADDRESSES.ID = PARKS.ID_ADDRESS WHERE PARKS.NAME like '%Английский%'
адрес меншиковсокго дворца	SELECT ADDRESSES.STREET, ADDRESSES.HOUSENUMBER, AREAS.NAME FROM AREAS join ADDRESSES on AREAS.ID = ADDRESSES.ID_AREA join HOMESTEADS on ADDRESSES.ID = PARKS.ID_ADDRESS WHERE PARKS.NAME like '%Меншикова%'
адрес дворца "бельведер"	SELECT ADDRESSES.STREET, ADDRESSES.HOUSENUMBER, AREAS.NAME FROM AREAS join ADDRESSES on AREAS.ID = ADDRESSES.ID_AREA join HOMESTEADS on ADDRESSES.ID = PARKS.ID_ADDRESS WHERE PARKS.NAME like '%Бельведер%'
адрес дворца бобринских	SELECT ADDRESSES.STREET, ADDRESSES.HOUSENUMBER, AREAS.NAME FROM AREAS join ADDRESSES on AREAS.ID = ADDRESSES.ID_AREA join HOMESTEADS on ADDRESSES.ID = HOMESTEADS.ID_ADDRESS WHERE HOMESTEADS.NAME like '%Бобринских%'
адрес дворца пушнины	SELECT ADDRESSES.STREET, ADDRESSES.HOUSENUMBER, AREAS.NAME FROM AREAS join ADDRESSES on AREAS.ID = ADDRESSES.ID_AREA join HOMESTEADS on ADDRESSES.ID = HOMESTEADS.ID_ADDRESS WHERE HOMESTEADS.NAME like '%Пушнины%'
адрес дворца императора петра II	SELECT ADDRESSES.STREET, ADDRESSES.HOUSENUMBER, AREAS.NAME FROM AREAS join ADDRESSES on AREAS.ID = ADDRESSES.ID_AREA join HOMESTEADS on ADDRESSES.ID = HOMESTEADS.ID_ADDRESS WHERE HOMESTEADS.NAME like '%императора Петра II%'
адрес каменностровского дворца	SELECT ADDRESSES.STREET, ADDRESSES.HOUSENUMBER, AREAS.NAME FROM AREAS join ADDRESSES on AREAS.ID = ADDRESSES.ID_AREA join HOMESTEADS on ADDRESSES.ID = HOMESTEADS.ID_ADDRESS WHERE HOMESTEADS.NAME like '%Каменностровский%'
адрес дворца культуры им. кирова	SELECT ADDRESSES.STREET, ADDRESSES.HOUSENUMBER, AREAS.NAME FROM AREAS join ADDRESSES on AREAS.ID = ADDRESSES.ID_AREA join HOMESTEADS on ADDRESSES.ID = HOMESTEADS.ID_ADDRESS WHERE HOMESTEADS.NAME like '%культуры им. Кирова%'
адрес львовского дворца	SELECT ADDRESSES.STREET, ADDRESSES.HOUSENUMBER, AREAS.NAME FROM AREAS join ADDRESSES on AREAS.ID = ADDRESSES.ID_AREA join HOMESTEADS on ADDRESSES.ID = HOMESTEADS.ID_ADDRESS WHERE HOMESTEADS.NAME like '%Львовский%'
адрес мариинского дворца	SELECT ADDRESSES.STREET, ADDRESSES.HOUSENUMBER, AREAS.NAME FROM AREAS join ADDRESSES on AREAS.ID = ADDRESSES.ID_AREA join HOMESTEADS on ADDRESSES.ID = HOMESTEADS.ID_ADDRESS WHERE HOMESTEADS.NAME like '%Мариинский%'
адрес дворца Марли	SELECT ADDRESSES.STREET, ADDRESSES.HOUSENUMBER, AREAS.NAME FROM AREAS join ADDRESSES on AREAS.ID = ADDRESSES.ID_AREA join HOMESTEADS on ADDRESSES.ID = HOMESTEADS.ID_ADDRESS WHERE HOMESTEADS.NAME like '%Марли%'
адрес Эрмитажа	SELECT ADDRESSES.STREET, ADDRESSES.HOUSENUMBER, AREAS.NAME FROM AREAS join ADDRESSES on AREAS.ID = ADDRESSES.ID_AREA join MUSEUMS on ADDRESSES.ID = MUSEUMS.ID_ADDRESS WHERE MUSEUMS.NAME like '%Эрмитаж%'
какие музеи находятся на ул садовая	SELECT MUSEUMS.NAME FROM ADDRESSES join MUSEUMS on ADDRESSES.ID = MUSEUMS.ID_ADDRESS WHERE ADDRESSES.STREET like '%Садовая%'
какие музеи находятся на садовой	SELECT MUSEUMS.NAME FROM ADDRESSES join MUSEUMS on ADDRESSES.ID = MUSEUMS.ID_ADDRESS WHERE ADDRESSES.STREET like '%Садовая%'
какие музеи находятся на суворовском проспекте	SELECT MUSEUMS.NAME FROM ADDRESSES join MUSEUMS on ADDRESSES.ID = MUSEUMS.ID_ADDRESS WHERE ADDRESSES.STREET like '%Суворовский%'
какие музеи находятся на улице пестеля	SELECT MUSEUMS.NAME FROM ADDRESSES join MUSEUMS on ADDRESSES.ID = MUSEUMS.ID_ADDRESS WHERE ADDRESSES.STREET like '%Пестеля%'
какие музеи находятся на свечном	SELECT MUSEUMS.NAME FROM ADDRESSES join MUSEUMS on ADDRESSES.ID = MUSEUMS.ID_ADDRESS WHERE ADDRESSES.STREET like '%Свечной%'
какие музеи находятся на елагином острове	SELECT MUSEUMS.NAME FROM ADDRESSES join MUSEUMS on ADDRESSES.ID = MUSEUMS.ID_ADDRESS WHERE ADDRESSES.STREET like '%Елагин%'
какие музеи находятся на площади свободы	SELECT MUSEUMS.NAME FROM ADDRESSES join MUSEUMS on ADDRESSES.ID = MUSEUMS.ID_ADDRESS WHERE ADDRESSES.STREET like '%Свободы%'
какие музеи находятся на невском	SELECT MUSEUMS.NAME FROM ADDRESSES join MUSEUMS on ADDRESSES.ID = MUSEUMS.ID_ADDRESS WHERE ADDRESSES.STREET like '%Невский%'
какие музеи находятся на ул жуковского	SELECT MUSEUMS.NAME FROM ADDRESSES join MUSEUMS on ADDRESSES.ID = MUSEUMS.ID_ADDRESS WHERE ADDRESSES.STREET like '%Жуковского%'
какие музеи находятся на набережной фонтанки	SELECT MUSEUMS.NAME FROM ADDRESSES join MUSEUMS on ADDRESSES.ID = MUSEUMS.ID_ADDRESS WHERE ADDRESSES.STREET like '%Фонтанки%'
какие музеи находятся на наб реки фонтанки	SELECT MUSEUMS.NAME FROM ADDRESSES join MUSEUMS on ADDRESSES.ID = MUSEUMS.ID_ADDRESS WHERE ADDRESSES.STREET like '%Фонтанки%'
какие музеи находятся на петроградской набережной	SELECT MUSEUMS.NAME FROM ADDRESSES join MUSEUMS on ADDRESSES.ID = MUSEUMS.ID_ADDRESS WHERE ADDRESSES.STREET like '%Петроградская%'
какие музеи находятся на петроградской	SELECT MUSEUMS.NAME FROM ADDRESSES join MUSEUMS on ADDRESSES.ID = MUSEUMS.ID_ADDRESS WHERE ADDRESSES.STREET like '%Петроградская%'
какие музеи находятся на рубинштейна	SELECT MUSEUMS.NAME FROM ADDRESSES join MUSEUMS on ADDRESSES.ID = MUSEUMS.ID_ADDRESS WHERE ADDRESSES.STREET like '%Рубинштейна%'
какие музеи находятся на большой морской	SELECT MUSEUMS.NAME FROM ADDRESSES join MUSEUMS on ADDRESSES.ID = MUSEUMS.ID_ADDRESS WHERE ADDRESSES.STREET like '%Большая морская%'
какие музеи находятся на канале грибоедова	SELECT MUSEUMS.NAME FROM ADDRESSES join MUSEUMS on ADDRESSES.ID = MUSEUMS.ID_ADDRESS WHERE ADDRESSES.STREET like '%Грибоедова%'
какие музеи находятся на лиговском проспекте	SELECT MUSEUMS.NAME FROM ADDRESSES join MUSEUMS on ADDRESSES.ID = MUSEUMS.ID_ADDRESS WHERE ADDRESSES.STREET like '%Лиговский%'
какие музеи находятся в петергофе	SELECT MUSEUMS.NAME FROM ADDRESSES join MUSEUMS on ADDRESSES.ID = MUSEUMS.ID_ADDRESS WHERE ADDRESSES.STREET like '%Петергоф%'
какие музеи находятся в ломоносове	SELECT MUSEUMS.NAME FROM ADDRESSES join MUSEUMS on ADDRESSES.ID = MUSEUMS.ID_ADDRESS WHERE ADDRESSES.STREET like '%Ломоносов%'
какие музеи находятся красном селе	SELECT MUSEUMS.NAME FROM ADDRESSES join MUSEUMS on ADDRESSES.ID = MUSEUMS.ID_ADDRESS WHERE ADDRESSES.STREET like '%Красное село%'
какие музеи находятся пушкине	SELECT MUSEUMS.NAME FROM ADDRESSES join MUSEUMS on ADDRESSES.ID = MUSEUMS.ID_ADDRESS WHERE ADDRESSES.STREET like '%Пушкин%'
какие парки находятся на ул садовая	SELECT PARKS.NAME FROM ADDRESSES join PARKS on ADDRESSES.ID = PARKS.ID_ADDRESS WHERE ADDRESSES.STREET like '%Садовая%'
какие парки находятся в г ломоносов	SELECT PARKS.NAME FROM ADDRESSES join PARKS on ADDRESSES.ID = PARKS.ID_ADDRESS WHERE ADDRESSES.STREET like '%Ломоносов%'
какие парки находятся в г пушкин	SELECT PARKS.NAME FROM ADDRESSES join PARKS on ADDRESSES.ID = PARKS.ID_ADDRESS WHERE ADDRESSES.STREET like '%Пушкин%'
какие парки находятся в г красное село	SELECT PARKS.NAME FROM ADDRESSES join PARKS on ADDRESSES.ID = PARKS.ID_ADDRESS WHERE ADDRESSES.STREET like '%Красное село%'
какие парки находятся в красном селе	SELECT PARKS.NAME FROM ADDRESSES join PARKS on ADDRESSES.ID = PARKS.ID_ADDRESS WHERE ADDRESSES.STREET like '%Красное село%'
какие парки находятся на ул глинки	SELECT PARKS.NAME FROM ADDRESSES join PARKS on ADDRESSES.ID = PARKS.ID_ADDRESS WHERE ADDRESSES.STREET like '%Глинки%'
какие парки находятся на набережной реки мойки	SELECT PARKS.NAME FROM ADDRESSES join PARKS on ADDRESSES.ID = PARKS.ID_ADDRESS WHERE ADDRESSES.STREET like '%Мойки%'
какие парки находятся на наб мойки	SELECT PARKS.NAME FROM ADDRESSES join PARKS on ADDRESSES.ID = PARKS.ID_ADDRESS WHERE ADDRESSES.STREET like '%Мойки%'
какие парки находятся в г петергоф	SELECT PARKS.NAME FROM ADDRESSES join PARKS on ADDRESSES.ID = PARKS.ID_ADDRESS WHERE ADDRESSES.STREET like '%Петергоф%'
какие парки находятся в петергофе	SELECT PARKS.NAME FROM ADDRESSES join PARKS on ADDRESSES.ID = PARKS.ID_ADDRESS WHERE ADDRESSES.STREET like '%Петергоф%'
какие парки находятся в стрельне	SELECT PARKS.NAME FROM ADDRESSES join PARKS on ADDRESSES.ID = PARKS.ID_ADDRESS WHERE ADDRESSES.STREET like '%Стрельна%'
какие памятники находятся на садовой	SELECT MONUMENTS.NAME FROM ADDRESSES join MONUMENTS on ADDRESSES.ID = MONUMENTS.ID_ADDRESS WHERE ADDRESSES.STREET like '%Садовая%'
какие памятники находятся в стрельне	SELECT MONUMENTS.NAME FROM ADDRESSES join MONUMENTS on ADDRESSES.ID = MONUMENTS.ID_ADDRESS WHERE ADDRESSES.STREET like '%Стрельна%'
какие памятники находятся в ломоносове	SELECT MONUMENTS.NAME FROM ADDRESSES join MONUMENTS on ADDRESSES.ID = MONUMENTS.ID_ADDRESS WHERE ADDRESSES.STREET like '%Ломоносов%'
какие памятники находятся на ул рубинштейна	SELECT MONUMENTS.NAME FROM ADDRESSES join MONUMENTS on ADDRESSES.ID = MONUMENTS.ID_ADDRESS WHERE ADDRESSES.STREET like '%Большая%'
какие памятники находятся на милионной улице	SELECT MONUMENTS.NAME FROM ADDRESSES join MONUMENTS on ADDRESSES.ID = MONUMENTS.ID_ADDRESS WHERE ADDRESSES.STREET like '%Милионная%'
какие памятники находятся в адмиралтейском районе	SELECT MONUMENTS.NAME FROM AREAS join ADDRESSES on AREAS.ID = ADDRESSES.ID_AREA join MONUMENTS on ADDRESSES.ID = MONUMENTS.ID_ADDRESS WHERE AREAS.NAME like '%Адмиралтейский%'
какие памятники находятся в василеостровском районе	SELECT MONUMENTS.NAME FROM AREAS join ADDRESSES on AREAS.ID = ADDRESSES.ID_AREA join MONUMENTS on ADDRESSES.ID = MONUMENTS.ID_ADDRESS WHERE AREAS.NAME like '%Василеостровский%'
какие памятники находятся в выборгском районе	SELECT MONUMENTS.NAME FROM AREAS join ADDRESSES on AREAS.ID = ADDRESSES.ID_AREA join MONUMENTS on ADDRESSES.ID = MONUMENTS.ID_ADDRESS WHERE AREAS.NAME like '%Выборгский%'
какие памятники находятся в калининском районе	SELECT MONUMENTS.NAME FROM AREAS join ADDRESSES on AREAS.ID = ADDRESSES.ID_AREA join MONUMENTS on ADDRESSES.ID = MONUMENTS.ID_ADDRESS WHERE AREAS.NAME like '%Калининский%'
какие памятники находятся в кировском районе	SELECT MONUMENTS.NAME FROM AREAS join ADDRESSES on AREAS.ID = ADDRESSES.ID_AREA join MONUMENTS on ADDRESSES.ID = MONUMENTS.ID_ADDRESS WHERE AREAS.NAME like '%Кировский%'
какие памятники находятся в колпинском районе	SELECT MONUMENTS.NAME FROM AREAS join ADDRESSES on AREAS.ID = ADDRESSES.ID_AREA join MONUMENTS on ADDRESSES.ID = MONUMENTS.ID_ADDRESS WHERE AREAS.NAME like '%Колпинский%'
какие музеи находятся в адмиралтейском районе	SELECT MUSEUMS.NAME FROM AREAS join ADDRESSES on AREAS.ID = ADDRESSES.ID_AREA join MUSEUMS on ADDRESSES.ID = MUSEUMS.ID_ADDRESS WHERE AREAS.NAME like '%Адмиралтейский%'
какие музеи находятся в василеостровском районе	SELECT MUSEUMS.NAME FROM AREAS join ADDRESSES on AREAS.ID = ADDRESSES.ID_AREA join MUSEUMS on ADDRESSES.ID = MUSEUMS.ID_ADDRESS WHERE AREAS.NAME like '%Василеостровский%'
какие музеи находятся в выборгском районе	SELECT MUSEUMS.NAME FROM AREAS join ADDRESSES on AREAS.ID = ADDRESSES.ID_AREA join MUSEUMS on ADDRESSES.ID = MUSEUMS.ID_ADDRESS WHERE AREAS.NAME like '%Выборгский%'
какие музеи находятся в калининском районе	SELECT MUSEUMS.NAME FROM AREAS join ADDRESSES on AREAS.ID = ADDRESSES.ID_AREA join MUSEUMS on ADDRESSES.ID = MUSEUMS.ID_ADDRESS WHERE AREAS.NAME like '%Калининский%'
какие музеи находятся в кировском районе	SELECT MUSEUMS.NAME FROM AREAS join ADDRESSES on AREAS.ID = ADDRESSES.ID_AREA join MUSEUMS on ADDRESSES.ID = MUSEUMS.ID_ADDRESS WHERE AREAS.NAME like '%Кировский%'
какие музеи находятся в колпинском районе	SELECT MUSEUMS.NAME FROM AREAS join ADDRESSES on AREAS.ID = ADDRESSES.ID_AREA join MUSEUMS on ADDRESSES.ID = MUSEUMS.ID_ADDRESS WHERE AREAS.NAME like '%Колпинский%'
какие парки находятся в адмиралтейском районе	SELECT PARKS.NAME FROM AREAS join ADDRESSES on AREAS.ID = ADDRESSES.ID_AREA join PARKS on ADDRESSES.ID = PARKS.ID_ADDRESS WHERE AREAS.NAME like '%Адмиралтейский%'
какие парки находятся в василеостровском районе	SELECT PARKS.NAME FROM AREAS join ADDRESSES on AREAS.ID = ADDRESSES.ID_AREA join PARKS on ADDRESSES.ID = PARKS.ID_ADDRESS WHERE AREAS.NAME like '%Василеостровский%'
какие парки находятся в выборгском районе	SELECT PARKS.NAME FROM AREAS join ADDRESSES on AREAS.ID = ADDRESSES.ID_AREA join PARKS on ADDRESSES.ID = PARKS.ID_ADDRESS WHERE AREAS.NAME like '%Выборгский%'
какие парки находятся в калининском районе	SELECT PARKS.NAME FROM AREAS join ADDRESSES on AREAS.ID = ADDRESSES.ID_AREA join PARKS on ADDRESSES.ID = PARKS.ID_ADDRESS WHERE AREAS.NAME like '%Калининский%'
какие парки находятся в кировском районе	SELECT PARKS.NAME FROM AREAS join ADDRESSES on AREAS.ID = ADDRESSES.ID_AREA join PARKS on ADDRESSES.ID = PARKS.ID_ADDRESS WHERE AREAS.NAME like '%Кировский%'
какие парки находятся в колпинском районе	SELECT PARKS.NAME FROM AREAS join ADDRESSES on AREAS.ID = ADDRESSES.ID_AREA join PARKS on ADDRESSES.ID = PARKS.ID_ADDRESS WHERE AREAS.NAME like '%Колпинский%'
какие дворцы находятся в адмиралтейском районе	SELECT HOMESTEADS.NAME FROM AREAS join ADDRESSES on AREAS.ID = ADDRESSES.ID_AREA join HOMESTEADS on ADDRESSES.ID = HOMESTEADS.ID_ADDRESS WHERE AREAS.NAME like '%Адмиралтейский%'
какие дворцы находятся в василеостровском районе	SELECT HOMESTEADS.NAME FROM AREAS join ADDRESSES on AREAS.ID = ADDRESSES.ID_AREA join HOMESTEADS on ADDRESSES.ID = HOMESTEADS.ID_ADDRESS WHERE AREAS.NAME like '%Василеостровский%'
какие дворцы находятся в выборгском районе	SELECT HOMESTEADS.NAME FROM AREAS join ADDRESSES on AREAS.ID = ADDRESSES.ID_AREA join HOMESTEADS on ADDRESSES.ID = HOMESTEADS.ID_ADDRESS WHERE AREAS.NAME like '%Выборгский%'
какие дворцы находятся в калининском районе	SELECT HOMESTEADS.NAME FROM AREAS join ADDRESSES on AREAS.ID = ADDRESSES.ID_AREA join HOMESTEADS on ADDRESSES.ID = HOMESTEADS.ID_ADDRESS WHERE AREAS.NAME like '%Калининский%'
какие дворцы находятся в кировском районе	SELECT HOMESTEADS.NAME FROM AREAS join ADDRESSES on AREAS.ID = ADDRESSES.ID_AREA join HOMESTEADS on ADDRESSES.ID = HOMESTEADS.ID_ADDRESS WHERE AREAS.NAME like '%Кировский%'
какие дворцы находятся в колпинском районе	SELECT HOMESTEADS.NAME FROM AREAS join ADDRESSES on AREAS.ID = ADDRESSES.ID_AREA join HOMESTEADS on ADDRESSES.ID = HOMESTEADS.ID_ADDRESS WHERE AREAS.NAME like '%Колпинский%'
сколько памятников находится в адмиралтейском районе	SELECT COUNT(*) FROM AREAS join ADDRESSES on AREAS.ID = ADDRESSES.ID_AREA join MONUMENTS on ADDRESSES.ID = MONUMENTS.ID_ADDRESS WHERE AREAS.NAME like '%Адмиралтейский%'
сколько памятников находится в василеостровском районе	SELECT COUNT(*) FROM AREAS join ADDRESSES on AREAS.ID = ADDRESSES.ID_AREA join MONUMENTS on ADDRESSES.ID = MONUMENTS.ID_ADDRESS WHERE AREAS.NAME like '%Василеостровский%'
сколько музеев находится в выборгском районе	SELECT  COUNT(*) FROM AREAS join ADDRESSES on AREAS.ID = ADDRESSES.ID_AREA join MUSEUMS on ADDRESSES.ID = MUSEUMS.ID_ADDRESS WHERE AREAS.NAME like '%Выборгский%'
сколько музеев находится в калининском районе	SELECT  COUNT(*) FROM AREAS join ADDRESSES on AREAS.ID = ADDRESSES.ID_AREA join MUSEUMS on ADDRESSES.ID = MUSEUMS.ID_ADDRESS WHERE AREAS.NAME like '%Калининский%'
сколько парков находится в колпинском районе	SELECT COUNT(*) FROM AREAS join ADDRESSES on AREAS.ID = ADDRESSES.ID_AREA join PARKS on ADDRESSES.ID = PARKS.ID_ADDRESS WHERE AREAS.NAME like '%Колпинский%'
сколько дворцов находится в выборгском районе	SELECT COUNT(*) FROM AREAS join ADDRESSES on AREAS.ID = ADDRESSES.ID_AREA join HOMESTEADS on ADDRESSES.ID = HOMESTEADS.ID_ADDRESS WHERE AREAS.NAME like '%Выборгский%'
сколько музеев находится на ул рубинштейна	SELECT COUNT(*) FROM ADDRESSES join MUSEUMS on ADDRESSES.ID = MUSEUMS.ID_ADDRESS WHERE ADDRESSES.STREET like '%Рубинштейна%'
сколько музеев находится на ул садовая	SELECT COUNT(*) FROM ADDRESSES join MUSEUMS on ADDRESSES.ID = MUSEUMS.ID_ADDRESS WHERE ADDRESSES.STREET like '%Садовая%'
сколько музеев находится в петергофе	SELECT COUNT(*) FROM ADDRESSES join MUSEUMS on ADDRESSES.ID = MUSEUMS.ID_ADDRESS WHERE ADDRESSES.STREET like '%Петергоф%'
сколько музеев находится в пушкине	SELECT COUNT(*) FROM ADDRESSES join MUSEUMS on ADDRESSES.ID = MUSEUMS.ID_ADDRESS WHERE ADDRESSES.STREET like '%Пушкин%'
сколько памятников находится в ломоносове	SELECT COUNT(*) FROM ADDRESSES join MONUMENTS on ADDRESSES.ID = MONUMENTS.ID_ADDRESS WHERE ADDRESSES.STREET like '%Ломоносов%'
сколько памятников находится на лиговском проспекте	SELECT COUNT(*) FROM ADDRESSES join MONUMENTS on ADDRESSES.ID = MONUMENTS.ID_ADDRESS WHERE ADDRESSES.STREET like '%Лиговский%'
сколько парков в петергофе	SELECT COUNT(*) FROM ADDRESSES join PARKS on ADDRESSES.ID = PARKS.ID_ADDRESS WHERE ADDRESSES.STREET like '%Петергоф%'
какие парки есть в петергофе	SELECT PARKS.NAME FROM ADDRESSES join PARKS on ADDRESSES.ID = PARKS.ID_ADDRESS WHERE ADDRESSES.STREET like '%Петергоф%'
какой парк находится по адресу ул садовая, 1	SELECT PARKS.NAME FROM ADDRESSES join PARKS on ADDRESSES.ID = PARKS.ID_ADDRESS WHERE ADDRESSES.STREET like '%Садовая%' and ADDRESSES.HOUSENUMBER like '%1%'
какой музей находится по адресу лиговский пр, 5	SELECT MUSEUMS.NAME FROM ADDRESSES join MUSEUMS on ADDRESSES.ID = MUSEUMS.ID_ADDRESS WHERE ADDRESSES.STREET like '%Лиговский%' and ADDRESSES.HOUSENUMBER like '%5%'
какие музеи есть в ломоносове	SELECT MUSEUMS.NAME FROM ADDRESSES join MUSEUMS on ADDRESSES.ID = MUSEUMS.ID_ADDRESS WHERE ADDRESSES.STREET like '%Ломоносов%'
памятники пушкину	SELECT MONUMENTS.* FROM MONUMENTS WHERE MONUMENTS.NAME like '%Пушкину%'
памятники ленину	SELECT MONUMENTS.* FROM MONUMENTS WHERE MONUMENTS.NAME like '%Ленину%'
что такое нижний парк	SELECT PARKS.DESCRIPTION FROM PARKS WHERE PARKS.NAME like '%Нижний%'