в каком районе находится александрова дача	1
в каком районе находится парк "дворцовый"	1
в каком районе находится дворцовый парк	1
в каком районе находится дворец разумовского	1
в каком районе находится николаевский сиротский институт	0
в каком районе находится дворец пушнины	0
в каком районе находится дворец петра III	0
в каком районе находится дворец петра I	1
в каком районе находится дворец петра	1
в каком районе находится дворец петра первого	0
в каком районе находится дворец петра третьего	1
в каком районе находится павловский дворец	1
в каком районе находится большой павловский дворец	0
в каком районе находится дворец нарышкина	1
в каком районе находится дворец шуваловой	0
в каком районе находится дворец монплезир	0
в каком районе находится монплезир	1
в каком районе находится галерея «арка»	0
в каком районе находится арка	0
в каком районе находится галерея «арт-город»	0
в каком районе находится арт-город	0
в каком районе находится памятник ланскому а.д. (мраморный пьедестал "в честь добродетели и заслуг")	1
в каком районе находится мраморный пьедестал "в честь добродетели и заслуг"	0
в каком районе находится памятник ланскому 	0
в каком районе находится павловский дворцово-парковый ансамбль	0
в каком районе находится павловский дворец	0
в каком районе находится павловский парк	0
в каком районе находится парк "мариенталь"	1
в каком районе находится мариенталь	0
в каком районе находится парк "марьина гора"	0
в каком районе находится марьина гора	0
в каком районе находится усадьба "мариоки"	0
в каком районе находится мариоки	0
в каком районе находится парк "нагорный"	0
в каком районе находится нагорный парк	0
в каком районе находится памятник императору петру	0
в каком районе находится памятник императору николаю	0
в каком районе находится памятник карлу марксу	0
в каком районе находится памятник марксу	0
в каком районе находится медный всадник	0
в каком районе находится памятник зое космедемьянской	0
в каком районе находится памятник космедемьянской	0
в каком районе находится английский дворец	1
в каком районе находится памятник макарову	0
в каком районе находится памятник крылову	0
в каком районе находится памятник боткину	1
в каком районе находится александровский дворец 	1
в каком районе находится дворец бобринских	1
в каком районе находится аничков дворец	1
в каком районе находится дворец безбородко	0
в каком районе находится дворец императора петра II	0
в каком районе находится дворец императора петра второго	0
в каком районе находится дворец петра II	0
в каком районе находится дворец петра второго	1
в каком районе находится владимирский дворец	1
в каком районе находится запасный дворец	0
в каком районе находится дача кочубей	0
в каком районе находится дом вургафта	0
в каком районе находится екатерингофский парк	1
в каком районе находится екатерининский парк	0
в каком районе находятся колонистский парк	0
в каком районе находится полежаевский парк	1
в каком районе находится нижний парк	0
в каком районе находится парк "александрова дача"	1
где находится дом вургафта	0
где находится екатерингофский парк	0
где находится екатерининский парк	1
где находится колонистский парк	1
где находится полежаевский парк	0
где находится нижний парк	1
где находится парк "александрова дача"	1
где находится памятник богданову	0
где находится памятник в.и. чапаеву	0
где находится памятник чапаеву	1
где находится памятник великой княгине елене павловне	0
где находится памятник врачу боткину	1
где находится памятник боткину	0
где находится памятник адмиралу макарову	0
где находится каменностровский дворец	0
где находится дача кочубей	1
где находится запасный дворец	0
где находится владимирский дворец	0
где находится дворец петра II	1
где находится дворец петра второго	0
где находится дворец императора петра второго	1
где находится дворец императора петра II	1
где находится дворец безбородко	1
где находится аничков дворец	0
где находится дворец бобринских	0
где находится александровский дворец	0
где находится памятник космедемьянской	0
где находится памятник зое космедемьянской	1
где находится медный всадник	1
где находится памятник марксу	0
где находится памятник карлу марксу	0
где находится памятник императору петру	1
где находится нагорный парк	1
где находится мариоки	0
где находится усадьба "мариоки"	0
где находится марьина гора	1
где находится парк "марьина гора"	0
где находится мариенталь	0
где находится парк "мариенталь"	0
где находится павловский парк	0
где находится павловский дворец	0
где находятся павловский дворцово-парковый ансамбль	0
где находятся памятник ланскому	0
где находятся мраморный пьедестал "в честь добродетели и заслуг"	0
где находятся памятник ланскому а.д. (мраморный пьедестал "в честь добродетели и заслуг")	1
где находится арт-город	0
где находится галерея «арт-город»	1
где находится арка	1
где находится галерея «арка»	1
где находится монплезир	0
где находится дворец монплезир	1
где находится дворец шуваловой	1
где находится дворец нарышкина	1
где находится большой павловский дворец	0
где находится павловский дворец	1
где находится дворец петра третьего	1
где находится дворец петра первого	0
где находится дворец петра	0
где находится дворец петра I	0
где находится дворец петра III	0
где находится дворец пушнины	1
где находится николаевский сиротский институт	0
где находится дворец разумовского	0
где находится дворцовый парк	0
где находится парк "дворцовый"	0
где находится александрова дача	1
адрес нижнего парка	0
адрес памятника ленину	0
адрес памятника боткину	1
адрес памятника крылову	0
адрес памятника макарову	0
адрес памятника адмиралу макарову	0
адрес памятника боткину	1
адрес павильона росси	1
адрес мемориальной стелы героям-ижорцам	0
адрес михайловки	1
адрес либерти	0
адрес сергиевки	1
адрес собственной дачи	0
адрес верхнего парка	0
адрес александрийского парка	1
адрес александровского парка	1
адрес михайловской дачи	0
адрес аллеи фонтанов	1
адрес английского дворца	0
адрес меншиковсокго дворца	0
адрес дворца "Бельведер"	1
адрес дворца Бобринских	1
адрес дворца пушнины	1
адрес дворца императора петра II	1
адрес каменностровского дворца	1
адрес дворца культуры им. кирова	1
адрес львовского дворца	1
адрес мариинского дворца	1
адрес дворца Марли	1
адрес Эрмитажа	1
какие музеи находятся на ул садовая	1
какие музеи находятся на садовой	0
какие музеи находятся на суворовском проспекте	1
какие музеи находятся на улице пестеля	0
какие музеи находятся на свечном	1
какие музеи находятся на елагином острове	1
какие музеи находятся на площади свободы	1
какие музеи находятся на невском	1
какие музеи находятся на ул жуковского	1
какие музеи находятся на набережной фонтанки	0
какие музеи находятся на наб реки фонтанки	0
какие музеи находятся на петроградской набережной	1
какие музеи находятся на петроградской	1
какие музеи находятся на рубинштейна	1
какие музеи находятся на большой морской	0
какие музеи находятся на канале грибоедова	0
какие музеи находятся на лиговском проспекте	1
какие музеи находятся в петергофе	1
какие музеи находятся в ломоносове	1
какие музеи находятся красном селе	1
какие музеи находятся пушкине	1
какие парки находятся на ул садовая	1
какие парки находятся в г ломоносов	1
какие парки находятся в г пушкин	1
какие парки находятся в г красное село	1
какие парки находятся на ул глинки	1
какие парки находятся на набережной реки мойки	1
какие парки находятся на наб мойки	1
какие парки находятся в г петергоф	1
какие парки находятся в стрельне	1
какие памятники находятся на ул садовая	1
какие памятники находятся в стрельне	0
какие памятники находятся в ломоносове	0
какие памятники находятся на ул рубинштейна	0
какие памятники находятся на милионной улице	1
какие памятники находятся в адмиралтейском районе	0
какие памятники находятся в василеостровском районе	0
какие памятники находятся в выборгском районе	1
какие памятники находятся в калининском районе	1
какие памятники находятся в кировском районе	0
какие памятники находятся в колпинском районе	1
какие музеи находятся в адмиралтейском районе	0
какие музеи находятся в василеостровском районе	1
какие музеи находятся в выборгском районе	1
какие музеи находятся в калининском районе	1
какие музеи находятся в кировском районе	0
какие музеи находятся в колпинском районе	1
какие парки находятся в адмиралтейском районе	1
какие парки находятся в василеостровском районе	0
какие парки находятся в выборгском районе	0
какие парки находятся в калининском районе	1
какие парки находятся в кировском районе	1
какие парки находятся в колпинском районе	0
какие дворцы находятся в адмиралтейском районе	1
какие дворцы находятся в василеостровском районе	1
какие дворцы находятся в выборгском районе	0
какие дворцы находятся в калининском районе	1
какие дворцы находятся в кировском районе	0
какие дворцы находятся в колпинском районе	0
сколько памятников находится в адмиралтейском районе	1
сколько памятников находится в василеостровском районе	0
сколько памятников находится в выборгском районе	1
сколько памятников находится в калининском районе	0
сколько памятников находится в кировском районе	0
сколько памятников находится в колпинском районе	0
сколько музеев находится в адмиралтейском районе	0
сколько музеев находится в василеостровском районе	1
сколько музеев находится в выборгском районе	0
сколько музеев находится в калининском районе	0
сколько музеев находится в кировском районе	1
сколько музеев находится в колпинском районе	1
сколько парков находится в адмиралтейском районе	0
сколько парков находится в василеостровском районе	0
сколько парков находится в выборгском районе	1
сколько парков находится в калининском районе	0
сколько парков находится в кировском районе	0
сколько парков находится в колпинском районе	1
сколько дворцов находится в адмиралтейском районе	1
сколько дворцов находится в василеостровском районе	1
сколько дворцов находится в выборгском районе	1
сколько дворцов находится в калининском районе	0
сколько дворцов находится в кировском районе	0
сколько дворцов находится в колпинском районе	0
сколько музеев находится на ул рубинштейна	1
сколько музеев находится на ул садовая	1
сколько музеев находится в петергофе	1
сколько музеев находится в пушкине	0
сколько памятников находится в ломоносове	0
сколько памятников находится на лиговском проспекте	0
сколько парков в петергофе	1
какие парки есть в петергофе	1
какой парк находится по адресу ул садовая, 1	1
какой музей находится по адресу лиговский пр, 5	1
какие музеи есть в ломоносове	1
памятники пушкина	0
памятники ленину	0
что такое нижний парк	0
дворец меншикова	1
верхний парк	1
эрмитаж	1