в каком районе находится памятник ленину	SELECT AREAS.NAME FROM AREAS join ADDRESSES on AREAS.ID = ADDRESSES.ID_AREA join MONUMENTS on ADDRESSES.ID = MONUMENTS.ID_ADDRESS WHERE MONUMENTS.NAME like '%Ленину%'	111
в каком районе находится парк «ближние дубки»	SELECT AREAS.NAME FROM AREAS join ADDRESSES on AREAS.ID = ADDRESSES.ID_AREA join PARKS on ADDRESSES.ID = PARKS.ID_ADDRESS WHERE PARKS.NAME like '%ближние дубки%'	166
в каком районе находится ближние дубки	SELECT AREAS.NAME FROM AREAS join ADDRESSES on AREAS.ID = ADDRESSES.ID_AREA join PARKS on ADDRESSES.ID = PARKS.ID_ADDRESS WHERE PARKS.NAME like '%ближние дубки%'	272
в каком районе находятся ближние дубки	SELECT AREAS.NAME FROM AREAS join ADDRESSES on AREAS.ID = ADDRESSES.ID_AREA join PARKS on ADDRESSES.ID = PARKS.ID_ADDRESS WHERE PARKS.NAME like '%ближние дубки%'	304
в каком районе находится полежаевский парк	SELECT AREAS.NAME FROM AREAS join ADDRESSES on AREAS.ID = ADDRESSES.ID_AREA join PARKS on ADDRESSES.ID = PARKS.ID_ADDRESS WHERE PARKS.NAME like '%Полежаевский%'	164
в каком районе находится александрийский парк	SELECT AREAS.NAME FROM AREAS join ADDRESSES on AREAS.ID = ADDRESSES.ID_AREA join PARKS on ADDRESSES.ID = PARKS.ID_ADDRESS WHERE PARKS.NAME like '%Александрийский%'	41
в каком районе находится александровский парк	SELECT AREAS.NAME FROM AREAS join ADDRESSES on AREAS.ID = ADDRESSES.ID_AREA join PARKS on ADDRESSES.ID = PARKS.ID_ADDRESS WHERE PARKS.NAME like '%Александровский%'	217
в каком районе находится парк им. в.и.ленина	SELECT AREAS.NAME FROM AREAS join ADDRESSES on AREAS.ID = ADDRESSES.ID_AREA join PARKS on ADDRESSES.ID = PARKS.ID_ADDRESS WHERE PARKS.NAME like '%ленина%'	24
в каком районе находится парк им. ленина	SELECT AREAS.NAME FROM AREAS join ADDRESSES on AREAS.ID = ADDRESSES.ID_AREA join PARKS on ADDRESSES.ID = PARKS.ID_ADDRESS WHERE PARKS.NAME like '%ленина%'	262
в каком районе находится парк имени ленина	SELECT AREAS.NAME FROM AREAS join ADDRESSES on AREAS.ID = ADDRESSES.ID_AREA join PARKS on ADDRESSES.ID = PARKS.ID_ADDRESS WHERE PARKS.NAME like '%ленина%'	139
в каком районе находится парк ленина	SELECT AREAS.NAME FROM AREAS join ADDRESSES on AREAS.ID = ADDRESSES.ID_AREA join PARKS on ADDRESSES.ID = PARKS.ID_ADDRESS WHERE PARKS.NAME like '%ленина%'	225
в каком районе находится аллея фонтанов	SELECT AREAS.NAME FROM AREAS join ADDRESSES on AREAS.ID = ADDRESSES.ID_AREA join PARKS on ADDRESSES.ID = PARKS.ID_ADDRESS WHERE PARKS.NAME like '%аллея фонтанов%'	230
в каком районе находится английский парк	SELECT AREAS.NAME FROM AREAS join ADDRESSES on AREAS.ID = ADDRESSES.ID_AREA join PARKS on ADDRESSES.ID = PARKS.ID_ADDRESS WHERE PARKS.NAME like '%английский%'	239
в каком районе находится ансамбль большого дворца и Нижнего сада	SELECT AREAS.NAME FROM AREAS join ADDRESSES on AREAS.ID = ADDRESSES.ID_AREA join PARKS on ADDRESSES.ID = PARKS.ID_ADDRESS WHERE PARKS.NAME like '%ансамбль большого дворца и Нижнего сада%'	150
в каком районе находится ансамбль марли	SELECT AREAS.NAME FROM AREAS join ADDRESSES on AREAS.ID = ADDRESSES.ID_AREA join PARKS on ADDRESSES.ID = PARKS.ID_ADDRESS WHERE PARKS.NAME like '%ансамбль марли%'	203
в каком районе находится собственная дача	SELECT AREAS.NAME FROM AREAS join ADDRESSES on AREAS.ID = ADDRESSES.ID_AREA join PARKS on ADDRESSES.ID = PARKS.ID_ADDRESS WHERE PARKS.NAME like '%собственная дача%'	242
в каком районе находится верхний парк	SELECT AREAS.NAME FROM AREAS join ADDRESSES on AREAS.ID = ADDRESSES.ID_AREA join PARKS on ADDRESSES.ID = PARKS.ID_ADDRESS WHERE PARKS.NAME like '%верхний%'	52
в каком районе находится ансамбль верхнего парка и Нижнего сада	SELECT AREAS.NAME FROM AREAS join ADDRESSES on AREAS.ID = ADDRESSES.ID_AREA join PARKS on ADDRESSES.ID = PARKS.ID_ADDRESS WHERE PARKS.NAME like '%ансамбль верхнего парка и Нижнего сада%'	23
в каком районе находится знаменка	SELECT AREAS.NAME FROM AREAS join ADDRESSES on AREAS.ID = ADDRESSES.ID_AREA join PARKS on ADDRESSES.ID = PARKS.ID_ADDRESS WHERE PARKS.NAME like '%знаменка%'	20
в каком районе находится михайловская дача	SELECT AREAS.NAME FROM AREAS join ADDRESSES on AREAS.ID = ADDRESSES.ID_AREA join PARKS on ADDRESSES.ID = PARKS.ID_ADDRESS WHERE PARKS.NAME like '%ансамбль михайловской дачи%'	199
в каком районе находится михайловка	SELECT AREAS.NAME FROM AREAS join ADDRESSES on AREAS.ID = ADDRESSES.ID_AREA join PARKS on ADDRESSES.ID = PARKS.ID_ADDRESS WHERE PARKS.NAME like '%ансамбль михайловской дачи%'	104
в каком районе находится ансамбль михайловской дачи	SELECT AREAS.NAME FROM AREAS join ADDRESSES on AREAS.ID = ADDRESSES.ID_AREA join PARKS on ADDRESSES.ID = PARKS.ID_ADDRESS WHERE PARKS.NAME like '%ансамбль михайловской дачи%'	241
в каком районе находится петродворец	SELECT AREAS.NAME FROM AREAS join ADDRESSES on AREAS.ID = ADDRESSES.ID_AREA join PARKS on ADDRESSES.ID = PARKS.ID_ADDRESS WHERE PARKS.NAME like '%ансамбль петродворца%'	188
в каком районе находится ансамбль петродворца	SELECT AREAS.NAME FROM AREAS join ADDRESSES on AREAS.ID = ADDRESSES.ID_AREA join PARKS on ADDRESSES.ID = PARKS.ID_ADDRESS WHERE PARKS.NAME like '%ансамбль петродворца%'	297
в каком районе находится сергиевка	SELECT AREAS.NAME FROM AREAS join ADDRESSES on AREAS.ID = ADDRESSES.ID_AREA join PARKS on ADDRESSES.ID = PARKS.ID_ADDRESS WHERE PARKS.NAME like '%сергиевка%'	224
в каком районе находится стрельна	SELECT AREAS.NAME FROM AREAS join ADDRESSES on AREAS.ID = ADDRESSES.ID_AREA join PARKS on ADDRESSES.ID = PARKS.ID_ADDRESS WHERE PARKS.NAME like '%стрельна%'	180
в каком районе находится арт-галерея "дар"	SELECT AREAS.NAME FROM AREAS join ADDRESSES on AREAS.ID = ADDRESSES.ID_AREA join MUSEUMS on ADDRESSES.ID = PARKS.ID_ADDRESS WHERE MUSEUMS.NAME like '%арт-галерея "дар"%'	55
в каком районе находится дар	SELECT AREAS.NAME FROM AREAS join ADDRESSES on AREAS.ID = ADDRESSES.ID_AREA join MUSEUMS on ADDRESSES.ID = PARKS.ID_ADDRESS WHERE MUSEUMS.NAME like '%арт-галерея "дар"%'	133
в каком районе находится арт-галерея "либерти"	SELECT AREAS.NAME FROM AREAS join ADDRESSES on AREAS.ID = ADDRESSES.ID_AREA join MUSEUMS on ADDRESSES.ID = PARKS.ID_ADDRESS WHERE MUSEUMS.NAME like '%арт-галерея "либерти"%'	236
в каком районе находится либерти	SELECT AREAS.NAME FROM AREAS join ADDRESSES on AREAS.ID = ADDRESSES.ID_AREA join MUSEUMS on ADDRESSES.ID = PARKS.ID_ADDRESS WHERE MUSEUMS.NAME like '%арт-галерея "либерти"%'	120
в каком районе находится арт-галерея "Э"	SELECT AREAS.NAME FROM AREAS join ADDRESSES on AREAS.ID = ADDRESSES.ID_AREA join MUSEUMS on ADDRESSES.ID = PARKS.ID_ADDRESS WHERE MUSEUMS.NAME like '%арт-галерея "Э"%'	260
в каком районе находится вагон-музей	SELECT AREAS.NAME FROM AREAS join ADDRESSES on AREAS.ID = ADDRESSES.ID_AREA join MUSEUMS on ADDRESSES.ID = PARKS.ID_ADDRESS WHERE MUSEUMS.NAME like '%вагон-музей%'	246
в каком районе находится военно-исторический музей артиллерии, инженерных войск и войск связи	SELECT AREAS.NAME FROM AREAS join ADDRESSES on AREAS.ID = ADDRESSES.ID_AREA join MUSEUMS on ADDRESSES.ID = PARKS.ID_ADDRESS WHERE MUSEUMS.NAME like '%военно-исторический музей артиллерии, инженерных войск и войск связи%'	180
в каком районе находится выставка мостостроения	SELECT AREAS.NAME FROM AREAS join ADDRESSES on AREAS.ID = ADDRESSES.ID_AREA join MUSEUMS on ADDRESSES.ID = PARKS.ID_ADDRESS WHERE MUSEUMS.NAME like '%выставка мостостроения%'	131
в каком районе находятся выставочные залы конюшенного корпуса центрального парка культуры и отдыха им. с. м. кирова	SELECT AREAS.NAME FROM AREAS join ADDRESSES on AREAS.ID = ADDRESSES.ID_AREA join MUSEUMS on ADDRESSES.ID = PARKS.ID_ADDRESS WHERE MUSEUMS.NAME like '%выставочные залы конюшенного корпуса центрального парка культуры и отдыха им. с. м. кирова%'	272
в каком районе находятся выставочные залы конюшенного корпуса центрального парка культуры и отдыха им. кирова	SELECT AREAS.NAME FROM AREAS join ADDRESSES on AREAS.ID = ADDRESSES.ID_AREA join MUSEUMS on ADDRESSES.ID = PARKS.ID_ADDRESS WHERE MUSEUMS.NAME like '%выставочные залы конюшенного корпуса центрального парка культуры и отдыха им. с. м. кирова%'	221
в каком районе находятся выставочные залы конюшенного корпуса центрального парка культуры и отдыха имени кирова	SELECT AREAS.NAME FROM AREAS join ADDRESSES on AREAS.ID = ADDRESSES.ID_AREA join MUSEUMS on ADDRESSES.ID = PARKS.ID_ADDRESS WHERE MUSEUMS.NAME like '%выставочные залы конюшенного корпуса центрального парка культуры и отдыха им. с. м. кирова%'	296
в каком районе находятся выставочные залы конюшенного корпуса центрального парка культуры и отдыха	SELECT AREAS.NAME FROM AREAS join ADDRESSES on AREAS.ID = ADDRESSES.ID_AREA join MUSEUMS on ADDRESSES.ID = PARKS.ID_ADDRESS WHERE MUSEUMS.NAME like '%выставочные залы конюшенного корпуса центрального парка культуры и отдыха им. с. м. кирова%'	282
в каком районе находится выставочный зал «арт-курорт»	SELECT AREAS.NAME FROM AREAS join ADDRESSES on AREAS.ID = ADDRESSES.ID_AREA join MUSEUMS on ADDRESSES.ID = PARKS.ID_ADDRESS WHERE MUSEUMS.NAME like '%выставочный зал «арт-курорт»%'	31
в каком районе находится арт-курорт	SELECT AREAS.NAME FROM AREAS join ADDRESSES on AREAS.ID = ADDRESSES.ID_AREA join MUSEUMS on ADDRESSES.ID = PARKS.ID_ADDRESS WHERE MUSEUMS.NAME like '%выставочный зал «арт-курорт»%'	174
в каком районе находится выставочный центр «ленэкспо»	SELECT AREAS.NAME FROM AREAS join ADDRESSES on AREAS.ID = ADDRESSES.ID_AREA join MUSEUMS on ADDRESSES.ID = PARKS.ID_ADDRESS WHERE MUSEUMS.NAME like '%выставочный центр «ленэкспо»%'	243
в каком районе находится памятник любезным родителям	SELECT AREAS.NAME FROM AREAS join ADDRESSES on AREAS.ID = ADDRESSES.ID_AREA join MONUMENTS on ADDRESSES.ID = MONUMENTS.ID_ADDRESS WHERE MONUMENTS.NAME like '%любезным родителям%'	101
в каком районе находится мемориальная стела героям-ижорцам	SELECT AREAS.NAME FROM AREAS join ADDRESSES on AREAS.ID = ADDRESSES.ID_AREA join MONUMENTS on ADDRESSES.ID = MONUMENTS.ID_ADDRESS WHERE MONUMENTS.NAME like '%мемориальная стела героям-ижорцам%'	113
в каком районе находится памятник в честь подвига 72-го ижорского отдельного пулеметно-артиллерийского батальона	SELECT AREAS.NAME FROM AREAS join ADDRESSES on AREAS.ID = ADDRESSES.ID_AREA join MONUMENTS on ADDRESSES.ID = MONUMENTS.ID_ADDRESS WHERE MONUMENTS.NAME like '%в честь подвига 72-го ижорского отдельного пулеметно-артиллерийского батальона%'	144
в каком районе находится павильон росси	SELECT AREAS.NAME FROM AREAS join ADDRESSES on AREAS.ID = ADDRESSES.ID_AREA join MONUMENTS on ADDRESSES.ID = MONUMENTS.ID_ADDRESS WHERE MONUMENTS.NAME like '%павильон росси%'	316
в каком районе находится памятник марии фёдоровне	SELECT AREAS.NAME FROM AREAS join ADDRESSES on AREAS.ID = ADDRESSES.ID_AREA join MONUMENTS on ADDRESSES.ID = MONUMENTS.ID_ADDRESS WHERE MONUMENTS.NAME like '%марии фёдоровне%'	321
в каком районе находится памятник императрице марии фёдоровне	SELECT AREAS.NAME FROM AREAS join ADDRESSES on AREAS.ID = ADDRESSES.ID_AREA join MONUMENTS on ADDRESSES.ID = MONUMENTS.ID_ADDRESS WHERE MONUMENTS.NAME like '%императрице марии фёдоровне%'	248
в каком районе находится палисадник с оградой и памятником в.к. рентгену	SELECT AREAS.NAME FROM AREAS join ADDRESSES on AREAS.ID = ADDRESSES.ID_AREA join MONUMENTS on ADDRESSES.ID = MONUMENTS.ID_ADDRESS WHERE MONUMENTS.NAME like '%палисадник с оградой и памятником в.к. рентгену%'	236
в каком районе находится палисадник с оградой и памятником рентгену	SELECT AREAS.NAME FROM AREAS join ADDRESSES on AREAS.ID = ADDRESSES.ID_AREA join MONUMENTS on ADDRESSES.ID = MONUMENTS.ID_ADDRESS WHERE MONUMENTS.NAME like '%палисадник с оградой и памятником в.к. рентгену%'	134
в каком районе находится памятник героическому комсомолу	SELECT AREAS.NAME FROM AREAS join ADDRESSES on AREAS.ID = ADDRESSES.ID_AREA join MONUMENTS on ADDRESSES.ID = MONUMENTS.ID_ADDRESS WHERE MONUMENTS.NAME like '%героическому комсомолу%'	95
в каком районе находится памятник каспийцам-товарищам, павшим в войну 1904-1905 гг.	SELECT AREAS.NAME FROM AREAS join ADDRESSES on AREAS.ID = ADDRESSES.ID_AREA join MONUMENTS on ADDRESSES.ID = MONUMENTS.ID_ADDRESS WHERE MONUMENTS.NAME like '%каспийцам-товарищам, павшим в войну 1904-1905 гг.%'	201
в каком районе находится памятник каспийцам-товарищам	SELECT AREAS.NAME FROM AREAS join ADDRESSES on AREAS.ID = ADDRESSES.ID_AREA join MONUMENTS on ADDRESSES.ID = MONUMENTS.ID_ADDRESS WHERE MONUMENTS.NAME like '%каспийцам-товарищам, павшим в войну 1904-1905 гг.%'	160
в каком районе находится памятник адмиралу макарову с.о.	SELECT AREAS.NAME FROM AREAS join ADDRESSES on AREAS.ID = ADDRESSES.ID_AREA join MONUMENTS on ADDRESSES.ID = MONUMENTS.ID_ADDRESS WHERE MONUMENTS.NAME like '%адмиралу макарову с.о.%'	248
в каком районе находится памятник академику голицыну б.б.	SELECT AREAS.NAME FROM AREAS join ADDRESSES on AREAS.ID = ADDRESSES.ID_AREA join MONUMENTS on ADDRESSES.ID = MONUMENTS.ID_ADDRESS WHERE MONUMENTS.NAME like '%академику голицыну б.б.%'	138
в каком районе находится памятник баснописцу крылову и.а.	SELECT AREAS.NAME FROM AREAS join ADDRESSES on AREAS.ID = ADDRESSES.ID_AREA join MONUMENTS on ADDRESSES.ID = MONUMENTS.ID_ADDRESS WHERE MONUMENTS.NAME like '%баснописцу крылову и.а.%'	147
в каком районе находится памятник биологу мечникову и.и.	SELECT AREAS.NAME FROM AREAS join ADDRESSES on AREAS.ID = ADDRESSES.ID_AREA join MONUMENTS on ADDRESSES.ID = MONUMENTS.ID_ADDRESS WHERE MONUMENTS.NAME like '%биологу мечникову и.и.%'	195
в каком районе находится памятник богданову с. и., дважды герою советского союза	SELECT AREAS.NAME FROM AREAS join ADDRESSES on AREAS.ID = ADDRESSES.ID_AREA join MONUMENTS on ADDRESSES.ID = MONUMENTS.ID_ADDRESS WHERE MONUMENTS.NAME like '%богданову с. и., дважды герою советского союза%'	303
в каком районе находится памятник в.и. чапаеву	SELECT AREAS.NAME FROM AREAS join ADDRESSES on AREAS.ID = ADDRESSES.ID_AREA join MONUMENTS on ADDRESSES.ID = MONUMENTS.ID_ADDRESS WHERE MONUMENTS.NAME like '%в.и. чапаеву%'	300
в каком районе находится памятник великой княгине елене павловне	SELECT AREAS.NAME FROM AREAS join ADDRESSES on AREAS.ID = ADDRESSES.ID_AREA join MONUMENTS on ADDRESSES.ID = MONUMENTS.ID_ADDRESS WHERE MONUMENTS.NAME like '%великой княгине елене павловне%'	81
в каком районе находится памятник врачу боткину с.п.	SELECT AREAS.NAME FROM AREAS join ADDRESSES on AREAS.ID = ADDRESSES.ID_AREA join MONUMENTS on ADDRESSES.ID = MONUMENTS.ID_ADDRESS WHERE MONUMENTS.NAME like '%врачу боткину с.п.%'	310
в каком районе находится памятник адмиралу макарову	SELECT AREAS.NAME FROM AREAS join ADDRESSES on AREAS.ID = ADDRESSES.ID_AREA join MONUMENTS on ADDRESSES.ID = MONUMENTS.ID_ADDRESS WHERE MONUMENTS.NAME like '%адмиралу макарову%'	311
в каком районе находится памятник макарову	SELECT AREAS.NAME FROM AREAS join ADDRESSES on AREAS.ID = ADDRESSES.ID_AREA join MONUMENTS on ADDRESSES.ID = MONUMENTS.ID_ADDRESS WHERE MONUMENTS.NAME like '%адмиралу макарову%'	85
в каком районе находится памятник крылову	SELECT AREAS.NAME FROM AREAS join ADDRESSES on AREAS.ID = ADDRESSES.ID_AREA join MONUMENTS on ADDRESSES.ID = MONUMENTS.ID_ADDRESS WHERE MONUMENTS.NAME like '%баснописцу крылову и.а.%'	113
в каком районе находится памятник боткину	SELECT AREAS.NAME FROM AREAS join ADDRESSES on AREAS.ID = ADDRESSES.ID_AREA join MONUMENTS on ADDRESSES.ID = MONUMENTS.ID_ADDRESS WHERE MONUMENTS.NAME like '%боткину%'	142
где находится памятник ленину	SELECT ADDRESSES.STREET, ADDRESSES.HOUSENUMBER, AREAS.NAME FROM AREAS join ADDRESSES on AREAS.ID = ADDRESSES.ID_AREA join MONUMENTS on ADDRESSES.ID = MONUMENTS.ID_ADDRESS WHERE MONUMENTS.NAME like '%Ленину%'	205
где находится парк «ближние дубки»	SELECT ADDRESSES.STREET, ADDRESSES.HOUSENUMBER, AREAS.NAME FROM AREAS join ADDRESSES on AREAS.ID = ADDRESSES.ID_AREA join PARKS on ADDRESSES.ID = PARKS.ID_ADDRESS WHERE PARKS.NAME like '%Ближние дубки%'	304
где находится полежаевский парк	SELECT ADDRESSES.STREET, ADDRESSES.HOUSENUMBER, AREAS.NAME FROM AREAS join ADDRESSES on AREAS.ID = ADDRESSES.ID_AREA join PARKS on ADDRESSES.ID = PARKS.ID_ADDRESS WHERE PARKS.NAME like '%Полежаевский%'	50
где находится александрийский парк	SELECT ADDRESSES.STREET, ADDRESSES.HOUSENUMBER, AREAS.NAME FROM AREAS join ADDRESSES on AREAS.ID = ADDRESSES.ID_AREA join PARKS on ADDRESSES.ID = PARKS.ID_ADDRESS WHERE PARKS.NAME like '%Александрийский%'	109
где находится александровский парк	SELECT ADDRESSES.STREET, ADDRESSES.HOUSENUMBER, AREAS.NAME FROM AREAS join ADDRESSES on AREAS.ID = ADDRESSES.ID_AREA join PARKS on ADDRESSES.ID = PARKS.ID_ADDRESS WHERE PARKS.NAME like '%Александровский%'	203
где находится парк им. в.и.ленина	SELECT ADDRESSES.STREET, ADDRESSES.HOUSENUMBER, AREAS.NAME FROM AREAS join ADDRESSES on AREAS.ID = ADDRESSES.ID_AREA join PARKS on ADDRESSES.ID = PARKS.ID_ADDRESS WHERE PARKS.NAME like '%им. В.И.Ленина%'	308
где находится аллея фонтанов	SELECT ADDRESSES.STREET, ADDRESSES.HOUSENUMBER, AREAS.NAME FROM AREAS join ADDRESSES on AREAS.ID = ADDRESSES.ID_AREA join PARKS on ADDRESSES.ID = PARKS.ID_ADDRESS WHERE PARKS.NAME like '%Аллея фонтанов%'	272
где находится английский парк	SELECT ADDRESSES.STREET, ADDRESSES.HOUSENUMBER, AREAS.NAME FROM AREAS join ADDRESSES on AREAS.ID = ADDRESSES.ID_AREA join PARKS on ADDRESSES.ID = PARKS.ID_ADDRESS WHERE PARKS.NAME like '%Английский%'	95
где находится ансамбль марли	SELECT ADDRESSES.STREET, ADDRESSES.HOUSENUMBER, AREAS.NAME FROM AREAS join ADDRESSES on AREAS.ID = ADDRESSES.ID_AREA join PARKS on ADDRESSES.ID = PARKS.ID_ADDRESS WHERE PARKS.NAME like '%марли%'	318
где находится знаменка	SELECT ADDRESSES.STREET, ADDRESSES.HOUSENUMBER, AREAS.NAME FROM AREAS join ADDRESSES on AREAS.ID = ADDRESSES.ID_AREA join PARKS on ADDRESSES.ID = PARKS.ID_ADDRESS WHERE PARKS.NAME like '%Знаменка%'	171
где находится михайловская дача	SELECT ADDRESSES.STREET, ADDRESSES.HOUSENUMBER, AREAS.NAME FROM AREAS join ADDRESSES on AREAS.ID = ADDRESSES.ID_AREA join PARKS on ADDRESSES.ID = PARKS.ID_ADDRESS WHERE PARKS.NAME like '%Ансамбль Михайловской дачи%'	282
где находится михайловка	SELECT ADDRESSES.STREET, ADDRESSES.HOUSENUMBER, AREAS.NAME FROM AREAS join ADDRESSES on AREAS.ID = ADDRESSES.ID_AREA join PARKS on ADDRESSES.ID = PARKS.ID_ADDRESS WHERE PARKS.NAME like '%Ансамбль Михайловской дачи%'	3
где находится ансамбль михайловской дачи	SELECT ADDRESSES.STREET, ADDRESSES.HOUSENUMBER, AREAS.NAME FROM AREAS join ADDRESSES on AREAS.ID = ADDRESSES.ID_AREA join PARKS on ADDRESSES.ID = PARKS.ID_ADDRESS WHERE PARKS.NAME like '%Ансамбль Михайловской дачи%'	128
где находится собственная дача	SELECT ADDRESSES.STREET, ADDRESSES.HOUSENUMBER, AREAS.NAME FROM AREAS join ADDRESSES on AREAS.ID = ADDRESSES.ID_AREA join PARKS on ADDRESSES.ID = PARKS.ID_ADDRESS WHERE PARKS.NAME like '%Собственная дача%'	45
где находится верхний парк	SELECT ADDRESSES.STREET, ADDRESSES.HOUSENUMBER, AREAS.NAME FROM AREAS join ADDRESSES on AREAS.ID = ADDRESSES.ID_AREA join PARKS on ADDRESSES.ID = PARKS.ID_ADDRESS WHERE PARKS.NAME like '%Верхний%'	307
где находится ансамбль верхнего парка и нижнего сада	SELECT ADDRESSES.STREET, ADDRESSES.HOUSENUMBER, AREAS.NAME FROM AREAS join ADDRESSES on AREAS.ID = ADDRESSES.ID_AREA join PARKS on ADDRESSES.ID = PARKS.ID_ADDRESS WHERE PARKS.NAME like '%Ансамбль Верхнего парка и Нижнего сада%'	229
где находится петродворец	SELECT ADDRESSES.STREET, ADDRESSES.HOUSENUMBER, AREAS.NAME FROM AREAS join ADDRESSES on AREAS.ID = ADDRESSES.ID_AREA join PARKS on ADDRESSES.ID = PARKS.ID_ADDRESS WHERE PARKS.NAME like '%Петродворец%'	257
где находится арт-галерея "Э"	SELECT ADDRESSES.STREET, ADDRESSES.HOUSENUMBER, AREAS.NAME FROM AREAS join ADDRESSES on AREAS.ID = ADDRESSES.ID_AREA join MUSEUMS on ADDRESSES.ID = MUSEUMS.ID_ADDRESS WHERE MUSEUMS.NAME like '%Арт-галерея "Э"%'	144
где находится либерти	SELECT ADDRESSES.STREET, ADDRESSES.HOUSENUMBER, AREAS.NAME FROM AREAS join ADDRESSES on AREAS.ID = ADDRESSES.ID_AREA join MUSEUMS on ADDRESSES.ID = MUSEUMS.ID_ADDRESS WHERE MUSEUMS.NAME like '%Арт-галерея "Либерти"%'	324
где находится арт-галерея "либерти"	SELECT ADDRESSES.STREET, ADDRESSES.HOUSENUMBER, AREAS.NAME FROM AREAS join ADDRESSES on AREAS.ID = ADDRESSES.ID_AREA join MUSEUMS on ADDRESSES.ID = MUSEUMS.ID_ADDRESS WHERE MUSEUMS.NAME like '%Арт-галерея "Либерти"%'	141
где находится дар	SELECT ADDRESSES.STREET, ADDRESSES.HOUSENUMBER, AREAS.NAME FROM AREAS join ADDRESSES on AREAS.ID = ADDRESSES.ID_AREA join MUSEUMS on ADDRESSES.ID = MUSEUMS.ID_ADDRESS WHERE MUSEUMS.NAME like '%Арт-галерея "Дар"%'	245
где находится арт-галерея "дар"	SELECT ADDRESSES.STREET, ADDRESSES.HOUSENUMBER, AREAS.NAME FROM AREAS join ADDRESSES on AREAS.ID = ADDRESSES.ID_AREA join MUSEUMS on ADDRESSES.ID = MUSEUMS.ID_ADDRESS WHERE MUSEUMS.NAME like '%Арт-галерея "Дар"%'	101
где находится стрельна	SELECT ADDRESSES.STREET, ADDRESSES.HOUSENUMBER, AREAS.NAME FROM AREAS join ADDRESSES on AREAS.ID = ADDRESSES.ID_AREA join PARKS on ADDRESSES.ID = PARKS.ID_ADDRESS WHERE PARKS.NAME like '%Стрельна%'	323
где находится сергиевка	SELECT ADDRESSES.STREET, ADDRESSES.HOUSENUMBER, AREAS.NAME FROM AREAS join ADDRESSES on AREAS.ID = ADDRESSES.ID_AREA join PARKS on ADDRESSES.ID = PARKS.ID_ADDRESS WHERE PARKS.NAME like '%Сергиевка%'	43
где находится военно-исторический музей артиллерии, инженерных войск и войск связи	SELECT ADDRESSES.STREET, ADDRESSES.HOUSENUMBER, AREAS.NAME FROM AREAS join ADDRESSES on AREAS.ID = ADDRESSES.ID_AREA join MUSEUMS on ADDRESSES.ID = MUSEUMS.ID_ADDRESS WHERE MUSEUMS.NAME like '%Военно-исторический музей артиллерии, инженерных войск и войск связи%'	310
где находится выставка мостостроения	SELECT ADDRESSES.STREET, ADDRESSES.HOUSENUMBER, AREAS.NAME FROM AREAS join ADDRESSES on AREAS.ID = ADDRESSES.ID_AREA join MUSEUMS on ADDRESSES.ID = MUSEUMS.ID_ADDRESS WHERE MUSEUMS.NAME like '%Выставка мостостроения%'	77
где находятся выставочные залы конюшенного корпуса центрального парка культуры и отдыха им. с. м. кирова	SELECT ADDRESSES.STREET, ADDRESSES.HOUSENUMBER, AREAS.NAME FROM AREAS join ADDRESSES on AREAS.ID = ADDRESSES.ID_AREA join MUSEUMS on ADDRESSES.ID = MUSEUMS.ID_ADDRESS WHERE MUSEUMS.NAME like '%Выставочные залы конюшенного корпуса центрального парка культуры и отдыха им. С.М. Кирова%'	243
где находятся выставочные залы конюшенного корпуса центрального парка культуры и отдыха им. кирова	SELECT ADDRESSES.STREET, ADDRESSES.HOUSENUMBER, AREAS.NAME FROM AREAS join ADDRESSES on AREAS.ID = ADDRESSES.ID_AREA join MUSEUMS on ADDRESSES.ID = MUSEUMS.ID_ADDRESS WHERE MUSEUMS.NAME like '%Выставочные залы конюшенного корпуса центрального парка культуры и отдыха им. С.М. Кирова%'	321
где находятся выставочные залы конюшенного корпуса центрального парка культуры и отдыха имени кирова	SELECT ADDRESSES.STREET, ADDRESSES.HOUSENUMBER, AREAS.NAME FROM AREAS join ADDRESSES on AREAS.ID = ADDRESSES.ID_AREA join MUSEUMS on ADDRESSES.ID = MUSEUMS.ID_ADDRESS WHERE MUSEUMS.NAME like '%Выставочные залы конюшенного корпуса центрального парка культуры и отдыха им. С.М. Кирова%'	202
где находятся выставочные залы конюшенного корпуса центрального парка культуры и отдыха	SELECT ADDRESSES.STREET, ADDRESSES.HOUSENUMBER, AREAS.NAME FROM AREAS join ADDRESSES on AREAS.ID = ADDRESSES.ID_AREA join MUSEUMS on ADDRESSES.ID = MUSEUMS.ID_ADDRESS WHERE MUSEUMS.NAME like '%Выставочные залы конюшенного корпуса центрального парка культуры и отдыха им. С.М. Кирова%'	46
где находится выставочный зал «арт-курорт»	SELECT ADDRESSES.STREET, ADDRESSES.HOUSENUMBER, AREAS.NAME FROM AREAS join ADDRESSES on AREAS.ID = ADDRESSES.ID_AREA join MUSEUMS on ADDRESSES.ID = MUSEUMS.ID_ADDRESS WHERE MUSEUMS.NAME like '%Выставочный зал «Арт-курорт»%'	188
где находится арт-курорт	SELECT ADDRESSES.STREET, ADDRESSES.HOUSENUMBER, AREAS.NAME FROM AREAS join ADDRESSES on AREAS.ID = ADDRESSES.ID_AREA join MUSEUMS on ADDRESSES.ID = MUSEUMS.ID_ADDRESS WHERE MUSEUMS.NAME like '%Выставочный зал «Арт-курорт»%'	158
где находится выставочный центр «ленэкспо»	SELECT ADDRESSES.STREET, ADDRESSES.HOUSENUMBER, AREAS.NAME FROM AREAS join ADDRESSES on AREAS.ID = ADDRESSES.ID_AREA join MUSEUMS on ADDRESSES.ID = MUSEUMS.ID_ADDRESS WHERE MUSEUMS.NAME like '%Выставочный зал «Ленэкспо»%'	314
где находится памятник любезным родителям	SELECT ADDRESSES.STREET, ADDRESSES.HOUSENUMBER, AREAS.NAME FROM AREAS join ADDRESSES on AREAS.ID = ADDRESSES.ID_AREA join MONUMENTS on ADDRESSES.ID = MONUMENTS.ID_ADDRESS WHERE MONUMENTS.NAME like '%любезным родителям%'	296
где находится мемориальная стела героям-ижорцам	SELECT ADDRESSES.STREET, ADDRESSES.HOUSENUMBER, AREAS.NAME FROM AREAS join ADDRESSES on AREAS.ID = ADDRESSES.ID_AREA join MONUMENTS on ADDRESSES.ID = MONUMENTS.ID_ADDRESS WHERE MONUMENTS.NAME like '%стела героям-ижорцам%'	265
где находится памятник в честь подвига 72-го ижорского отдельного пулеметно-артиллерийского батальона	SELECT ADDRESSES.STREET, ADDRESSES.HOUSENUMBER, AREAS.NAME FROM AREAS join ADDRESSES on AREAS.ID = ADDRESSES.ID_AREA join MONUMENTS on ADDRESSES.ID = MONUMENTS.ID_ADDRESS WHERE MONUMENTS.NAME like '%стела героям-ижорцам%'	12
где находится павильон росси	SELECT ADDRESSES.STREET, ADDRESSES.HOUSENUMBER, AREAS.NAME FROM AREAS join ADDRESSES on AREAS.ID = ADDRESSES.ID_AREA join MONUMENTS on ADDRESSES.ID = MONUMENTS.ID_ADDRESS WHERE MONUMENTS.NAME like '%Павильон Росси%'	271
где находится памятник марии фёдоровне	SELECT ADDRESSES.STREET, ADDRESSES.HOUSENUMBER, AREAS.NAME FROM AREAS join ADDRESSES on AREAS.ID = ADDRESSES.ID_AREA join MONUMENTS on ADDRESSES.ID = MONUMENTS.ID_ADDRESS WHERE MONUMENTS.NAME like '%императрице марии фёдоровне%'	140
где находится памятник императрице марии фёдоровне	SELECT ADDRESSES.STREET, ADDRESSES.HOUSENUMBER, AREAS.NAME FROM AREAS join ADDRESSES on AREAS.ID = ADDRESSES.ID_AREA join MONUMENTS on ADDRESSES.ID = MONUMENTS.ID_ADDRESS WHERE MONUMENTS.NAME like '%императрице марии фёдоровне%'	34
где находится палисадник с оградой и памятником в.к. рентгену	SELECT ADDRESSES.STREET, ADDRESSES.HOUSENUMBER, AREAS.NAME FROM AREAS join ADDRESSES on AREAS.ID = ADDRESSES.ID_AREA join MONUMENTS on ADDRESSES.ID = MONUMENTS.ID_ADDRESS WHERE MONUMENTS.NAME like '%Палисадник с оградой и памятником В.К. Рентгену%'	152
где находится палисадник с оградой и памятником рентгену	SELECT ADDRESSES.STREET, ADDRESSES.HOUSENUMBER, AREAS.NAME FROM AREAS join ADDRESSES on AREAS.ID = ADDRESSES.ID_AREA join MONUMENTS on ADDRESSES.ID = MONUMENTS.ID_ADDRESS WHERE MONUMENTS.NAME like '%Палисадник с оградой и памятником В.К. Рентгену%'	149
где находится ансамбль петродворца	SELECT ADDRESSES.STREET, ADDRESSES.HOUSENUMBER, AREAS.NAME FROM AREAS join ADDRESSES on AREAS.ID = ADDRESSES.ID_AREA join PARKS on ADDRESSES.ID = PARKS.ID_ADDRESS WHERE PARKS.NAME like '%Ансамбль Петродворца%'	107
где находится памятник героическому комсомолу	SELECT ADDRESSES.STREET, ADDRESSES.HOUSENUMBER, AREAS.NAME FROM AREAS join ADDRESSES on AREAS.ID = ADDRESSES.ID_AREA join MONUMENTS on ADDRESSES.ID = MONUMENTS.ID_ADDRESS WHERE MONUMENTS.NAME like '%героическому комсомолу%'	168
где находится памятник каспийцам-товарищам, павшим в войну 1904-1905 гг.	SELECT ADDRESSES.STREET, ADDRESSES.HOUSENUMBER, AREAS.NAME FROM AREAS join ADDRESSES on AREAS.ID = ADDRESSES.ID_AREA join MONUMENTS on ADDRESSES.ID = MONUMENTS.ID_ADDRESS WHERE MONUMENTS.NAME like '%каспийцам-товарищам, павшим в войну 1904-1905 гг.%'	78
где находится памятник каспийцам-товарищам	SELECT ADDRESSES.STREET, ADDRESSES.HOUSENUMBER, AREAS.NAME FROM AREAS join ADDRESSES on AREAS.ID = ADDRESSES.ID_AREA join MONUMENTS on ADDRESSES.ID = MONUMENTS.ID_ADDRESS WHERE MONUMENTS.NAME like'%каспийцам-товарищам, павшим в войну 1904-1905 гг.%'	182
где находится памятник адмиралу макарову с.о.	SELECT ADDRESSES.STREET, ADDRESSES.HOUSENUMBER, AREAS.NAME FROM AREAS join ADDRESSES on AREAS.ID = ADDRESSES.ID_AREA join MONUMENTS on ADDRESSES.ID = MONUMENTS.ID_ADDRESS WHERE MONUMENTS.NAME like '%адмиралу Макарову С.О.%'	145
где находится памятник академику голицыну б.б.	SELECT ADDRESSES.STREET, ADDRESSES.HOUSENUMBER, AREAS.NAME FROM AREAS join ADDRESSES on AREAS.ID = ADDRESSES.ID_AREA join MONUMENTS on ADDRESSES.ID = MONUMENTS.ID_ADDRESS WHERE MONUMENTS.NAME like '%академику Голицыну Б.Б.%'	67
где находится памятник академику голицыну	SELECT ADDRESSES.STREET, ADDRESSES.HOUSENUMBER, AREAS.NAME FROM AREAS join ADDRESSES on AREAS.ID = ADDRESSES.ID_AREA join MONUMENTS on ADDRESSES.ID = MONUMENTS.ID_ADDRESS WHERE MONUMENTS.NAME like '%академику Голицыну Б.Б.%'	259
где находится памятник голицыну	SELECT ADDRESSES.STREET, ADDRESSES.HOUSENUMBER, AREAS.NAME FROM AREAS join ADDRESSES on AREAS.ID = ADDRESSES.ID_AREA join MONUMENTS on ADDRESSES.ID = MONUMENTS.ID_ADDRESS WHERE MONUMENTS.NAME like '%академику Голицыну Б.Б.%'	319
где находится памятник баснописцу крылову и.а.	SELECT ADDRESSES.STREET, ADDRESSES.HOUSENUMBER, AREAS.NAME FROM AREAS join ADDRESSES on AREAS.ID = ADDRESSES.ID_AREA join MONUMENTS on ADDRESSES.ID = MONUMENTS.ID_ADDRESS WHERE MONUMENTS.NAME like '%баснописцу Крылову И.А.%'	178
где находится памятник баснописцу крылову	SELECT ADDRESSES.STREET, ADDRESSES.HOUSENUMBER, AREAS.NAME FROM AREAS join ADDRESSES on AREAS.ID = ADDRESSES.ID_AREA join MONUMENTS on ADDRESSES.ID = MONUMENTS.ID_ADDRESS WHERE MONUMENTS.NAME like '%баснописцу Крылову И.А.%'	53
где находится памятник крылову	SELECT ADDRESSES.STREET, ADDRESSES.HOUSENUMBER, AREAS.NAME FROM AREAS join ADDRESSES on AREAS.ID = ADDRESSES.ID_AREA join MONUMENTS on ADDRESSES.ID = MONUMENTS.ID_ADDRESS WHERE MONUMENTS.NAME like '%баснописцу Крылову И.А.%'	168
где находится памятник биологу мечникову и.и.	SELECT ADDRESSES.STREET, ADDRESSES.HOUSENUMBER, AREAS.NAME FROM AREAS join ADDRESSES on AREAS.ID = ADDRESSES.ID_AREA join MONUMENTS on ADDRESSES.ID = MONUMENTS.ID_ADDRESS WHERE MONUMENTS.NAME like '%биологу Мечникову И.И.%'	87
где находится памятник биологу мечникову	SELECT ADDRESSES.STREET, ADDRESSES.HOUSENUMBER, AREAS.NAME FROM AREAS join ADDRESSES on AREAS.ID = ADDRESSES.ID_AREA join MONUMENTS on ADDRESSES.ID = MONUMENTS.ID_ADDRESS WHERE MONUMENTS.NAME like '%биологу Мечникову И.И.%'	297
где находится памятник мечникову и.и.	SELECT ADDRESSES.STREET, ADDRESSES.HOUSENUMBER, AREAS.NAME FROM AREAS join ADDRESSES on AREAS.ID = ADDRESSES.ID_AREA join MONUMENTS on ADDRESSES.ID = MONUMENTS.ID_ADDRESS WHERE MONUMENTS.NAME like '%биологу Мечникову И.И.%'	223
где находится памятник мечникову	SELECT ADDRESSES.STREET, ADDRESSES.HOUSENUMBER, AREAS.NAME FROM AREAS join ADDRESSES on AREAS.ID = ADDRESSES.ID_AREA join MONUMENTS on ADDRESSES.ID = MONUMENTS.ID_ADDRESS WHERE MONUMENTS.NAME like '%биологу Мечникову И.И.%'	105
где находится памятник богданову с. и., дважды герою советского союза	SELECT ADDRESSES.STREET, ADDRESSES.HOUSENUMBER, AREAS.NAME FROM AREAS join ADDRESSES on AREAS.ID = ADDRESSES.ID_AREA join MONUMENTS on ADDRESSES.ID = MONUMENTS.ID_ADDRESS WHERE MONUMENTS.NAME like '%Богданову С. И., дважды герою Советского Союза%'	306
где находится памятник богданову с. и.	SELECT ADDRESSES.STREET, ADDRESSES.HOUSENUMBER, AREAS.NAME FROM AREAS join ADDRESSES on AREAS.ID = ADDRESSES.ID_AREA join MONUMENTS on ADDRESSES.ID = MONUMENTS.ID_ADDRESS WHERE MONUMENTS.NAME like '%Богданову С. И., дважды герою Советского Союза%'	8
где находится памятник богданову	SELECT ADDRESSES.STREET, ADDRESSES.HOUSENUMBER, AREAS.NAME FROM AREAS join ADDRESSES on AREAS.ID = ADDRESSES.ID_AREA join MONUMENTS on ADDRESSES.ID = MONUMENTS.ID_ADDRESS WHERE MONUMENTS.NAME like '%Богданову С. И., дважды герою Советского Союза%'	125
где находится памятник в.и. чапаеву	SELECT ADDRESSES.STREET, ADDRESSES.HOUSENUMBER, AREAS.NAME FROM AREAS join ADDRESSES on AREAS.ID = ADDRESSES.ID_AREA join MONUMENTS on ADDRESSES.ID = MONUMENTS.ID_ADDRESS WHERE MONUMENTS.NAME like '%В.И. Чапаеву%'	126
где находится памятник чапаеву	SELECT ADDRESSES.STREET, ADDRESSES.HOUSENUMBER, AREAS.NAME FROM AREAS join ADDRESSES on AREAS.ID = ADDRESSES.ID_AREA join MONUMENTS on ADDRESSES.ID = MONUMENTS.ID_ADDRESS WHERE MONUMENTS.NAME like '%В.И. Чапаеву%'	65
где находится памятник великой княгине елене павловне	SELECT ADDRESSES.STREET, ADDRESSES.HOUSENUMBER, AREAS.NAME FROM AREAS join ADDRESSES on AREAS.ID = ADDRESSES.ID_AREA join MONUMENTS on ADDRESSES.ID = MONUMENTS.ID_ADDRESS WHERE MONUMENTS.NAME like '%великой княгине Елене Павловне%'	277
где находится памятник врачу боткину	SELECT ADDRESSES.STREET, ADDRESSES.HOUSENUMBER, AREAS.NAME FROM AREAS join ADDRESSES on AREAS.ID = ADDRESSES.ID_AREA join MONUMENTS on ADDRESSES.ID = MONUMENTS.ID_ADDRESS WHERE MONUMENTS.NAME like '%врачу Боткину%'	219
где находится памятник боткину	SELECT ADDRESSES.STREET, ADDRESSES.HOUSENUMBER, AREAS.NAME FROM AREAS join ADDRESSES on AREAS.ID = ADDRESSES.ID_AREA join MONUMENTS on ADDRESSES.ID = MONUMENTS.ID_ADDRESS WHERE MONUMENTS.NAME like '%врачу Боткину%'	272
где находится памятник адмиралу макарову	SELECT ADDRESSES.STREET, ADDRESSES.HOUSENUMBER, AREAS.NAME FROM AREAS join ADDRESSES on AREAS.ID = ADDRESSES.ID_AREA join MONUMENTS on ADDRESSES.ID = MONUMENTS.ID_ADDRESS WHERE MONUMENTS.NAME like '%адмиралу Макарову С.О.%'	308
где находится каменностровский дворец	SELECT ADDRESSES.STREET, ADDRESSES.HOUSENUMBER, AREAS.NAME FROM AREAS join ADDRESSES on AREAS.ID = ADDRESSES.ID_AREA join HOMESTEADS on ADDRESSES.ID = HOMESTEADS.ID_ADDRESS WHERE HOMESTEADS.NAME like '%Каменностровский%'	124
адрес нижнего парка	SELECT ADDRESSES.STREET, ADDRESSES.HOUSENUMBER, AREAS.NAME FROM AREAS join ADDRESSES on AREAS.ID = ADDRESSES.ID_AREA join PARKS on ADDRESSES.ID = PARKS.ID_ADDRESS WHERE PARKS.NAME like '%Нижний%'	15
адрес памятника ленину	SELECT ADDRESSES.STREET, ADDRESSES.HOUSENUMBER, AREAS.NAME FROM AREAS join ADDRESSES on AREAS.ID = ADDRESSES.ID_AREA join MONUMENTS on ADDRESSES.ID = MONUMENTS.ID_ADDRESS WHERE MONUMENTS.NAME like '%Ленину%'	158
адрес памятника боткину	SELECT ADDRESSES.STREET, ADDRESSES.HOUSENUMBER, AREAS.NAME FROM AREAS join ADDRESSES on AREAS.ID = ADDRESSES.ID_AREA join MONUMENTS on ADDRESSES.ID = MONUMENTS.ID_ADDRESS WHERE MONUMENTS.NAME like '%врачу Боткину%'	105
адрес памятника крылову	SELECT ADDRESSES.STREET, ADDRESSES.HOUSENUMBER, AREAS.NAME FROM AREAS join ADDRESSES on AREAS.ID = ADDRESSES.ID_AREA join MONUMENTS on ADDRESSES.ID = MONUMENTS.ID_ADDRESS WHERE MONUMENTS.NAME like '%баснописцу Крылову И.А.%'	296
адрес памятника макарову	SELECT ADDRESSES.STREET, ADDRESSES.HOUSENUMBER, AREAS.NAME FROM AREAS join ADDRESSES on AREAS.ID = ADDRESSES.ID_AREA join MONUMENTS on ADDRESSES.ID = MONUMENTS.ID_ADDRESS WHERE MONUMENTS.NAME like '%адмиралу Макарову С.О.%'	284
адрес памятника адмиралу макарову	SELECT ADDRESSES.STREET, ADDRESSES.HOUSENUMBER, AREAS.NAME FROM AREAS join ADDRESSES on AREAS.ID = ADDRESSES.ID_AREA join MONUMENTS on ADDRESSES.ID = MONUMENTS.ID_ADDRESS WHERE MONUMENTS.NAME like '%адмиралу Макарову С.О.%'	118
адрес памятника врачу боткину	SELECT ADDRESSES.STREET, ADDRESSES.HOUSENUMBER, AREAS.NAME FROM AREAS join ADDRESSES on AREAS.ID = ADDRESSES.ID_AREA join MONUMENTS on ADDRESSES.ID = MONUMENTS.ID_ADDRESS WHERE MONUMENTS.NAME like '%врачу Боткину%'	111
адрес павильона росси	SELECT ADDRESSES.STREET, ADDRESSES.HOUSENUMBER, AREAS.NAME FROM AREAS join ADDRESSES on AREAS.ID = ADDRESSES.ID_AREA join MONUMENTS on ADDRESSES.ID = MONUMENTS.ID_ADDRESS WHERE MONUMENTS.NAME like '%Павильон Росси%'	172
адрес мемориальной стелы героям-ижорцам	SELECT ADDRESSES.STREET, ADDRESSES.HOUSENUMBER, AREAS.NAME FROM AREAS join ADDRESSES on AREAS.ID = ADDRESSES.ID_AREA join MONUMENTS on ADDRESSES.ID = MONUMENTS.ID_ADDRESS WHERE MONUMENTS.NAME like '%стела героям-ижорцам%'	318
адрес михайловки	SELECT ADDRESSES.STREET, ADDRESSES.HOUSENUMBER, AREAS.NAME FROM AREAS join ADDRESSES on AREAS.ID = ADDRESSES.ID_AREA join PARKS on ADDRESSES.ID = PARKS.ID_ADDRESS WHERE PARKS.NAME like '%Ансамбль Михайловской дачи%'	138
адрес либерти	SELECT ADDRESSES.STREET, ADDRESSES.HOUSENUMBER, AREAS.NAME FROM AREAS join ADDRESSES on AREAS.ID = ADDRESSES.ID_AREA join MUSEUMS on ADDRESSES.ID = MUSEUMS.ID_ADDRESS WHERE MUSEUMS.NAME like '%Арт-галерея "Либерти"%'	258
адрес сергиевки	SELECT ADDRESSES.STREET, ADDRESSES.HOUSENUMBER, AREAS.NAME FROM AREAS join ADDRESSES on AREAS.ID = ADDRESSES.ID_AREA join PARKS on ADDRESSES.ID = PARKS.ID_ADDRESS WHERE PARKS.NAME like '%Сергиевка%'	246
адрес собственной дачи	SELECT ADDRESSES.STREET, ADDRESSES.HOUSENUMBER, AREAS.NAME FROM AREAS join ADDRESSES on AREAS.ID = ADDRESSES.ID_AREA join PARKS on ADDRESSES.ID = PARKS.ID_ADDRESS WHERE PARKS.NAME like '%Собственная дача%'	187
адрес верхнего парка	SELECT ADDRESSES.STREET, ADDRESSES.HOUSENUMBER, AREAS.NAME FROM AREAS join ADDRESSES on AREAS.ID = ADDRESSES.ID_AREA join PARKS on ADDRESSES.ID = PARKS.ID_ADDRESS WHERE PARKS.NAME like '%Верхний%'	165
адрес александрийского парка	SELECT ADDRESSES.STREET, ADDRESSES.HOUSENUMBER, AREAS.NAME FROM AREAS join ADDRESSES on AREAS.ID = ADDRESSES.ID_AREA join PARKS on ADDRESSES.ID = PARKS.ID_ADDRESS WHERE PARKS.NAME like '%Александрийский%'	10
адрес александровского парка	SELECT ADDRESSES.STREET, ADDRESSES.HOUSENUMBER, AREAS.NAME FROM AREAS join ADDRESSES on AREAS.ID = ADDRESSES.ID_AREA join PARKS on ADDRESSES.ID = PARKS.ID_ADDRESS WHERE PARKS.NAME like '%Александровский%'	310
адрес михайловской дачи	SELECT ADDRESSES.STREET, ADDRESSES.HOUSENUMBER, AREAS.NAME FROM AREAS join ADDRESSES on AREAS.ID = ADDRESSES.ID_AREA join PARKS on ADDRESSES.ID = PARKS.ID_ADDRESS WHERE PARKS.NAME like '%Ансамбль Михайловской дачи%'	3
адрес аллеи фонтанов	SELECT ADDRESSES.STREET, ADDRESSES.HOUSENUMBER, AREAS.NAME FROM AREAS join ADDRESSES on AREAS.ID = ADDRESSES.ID_AREA join PARKS on ADDRESSES.ID = PARKS.ID_ADDRESS WHERE PARKS.NAME like '%Аллея фонтанов%'	25
адрес английского дворца	SELECT ADDRESSES.STREET, ADDRESSES.HOUSENUMBER, AREAS.NAME FROM AREAS join ADDRESSES on AREAS.ID = ADDRESSES.ID_AREA join HOMESTEADS on ADDRESSES.ID = PARKS.ID_ADDRESS WHERE PARKS.NAME like '%Английский%'	319
адрес меншиковсокго дворца	SELECT ADDRESSES.STREET, ADDRESSES.HOUSENUMBER, AREAS.NAME FROM AREAS join ADDRESSES on AREAS.ID = ADDRESSES.ID_AREA join HOMESTEADS on ADDRESSES.ID = PARKS.ID_ADDRESS WHERE PARKS.NAME like '%Меншикова%'	21
адрес дворца "бельведер"	SELECT ADDRESSES.STREET, ADDRESSES.HOUSENUMBER, AREAS.NAME FROM AREAS join ADDRESSES on AREAS.ID = ADDRESSES.ID_AREA join HOMESTEADS on ADDRESSES.ID = PARKS.ID_ADDRESS WHERE PARKS.NAME like '%Бельведер%'	72
адрес дворца бобринских	SELECT ADDRESSES.STREET, ADDRESSES.HOUSENUMBER, AREAS.NAME FROM AREAS join ADDRESSES on AREAS.ID = ADDRESSES.ID_AREA join HOMESTEADS on ADDRESSES.ID = HOMESTEADS.ID_ADDRESS WHERE HOMESTEADS.NAME like '%Бобринских%'	17
адрес дворца пушнины	SELECT ADDRESSES.STREET, ADDRESSES.HOUSENUMBER, AREAS.NAME FROM AREAS join ADDRESSES on AREAS.ID = ADDRESSES.ID_AREA join HOMESTEADS on ADDRESSES.ID = HOMESTEADS.ID_ADDRESS WHERE HOMESTEADS.NAME like '%Пушнины%'	74
адрес дворца императора петра II	SELECT ADDRESSES.STREET, ADDRESSES.HOUSENUMBER, AREAS.NAME FROM AREAS join ADDRESSES on AREAS.ID = ADDRESSES.ID_AREA join HOMESTEADS on ADDRESSES.ID = HOMESTEADS.ID_ADDRESS WHERE HOMESTEADS.NAME like '%императора Петра II%'	161
адрес каменностровского дворца	SELECT ADDRESSES.STREET, ADDRESSES.HOUSENUMBER, AREAS.NAME FROM AREAS join ADDRESSES on AREAS.ID = ADDRESSES.ID_AREA join HOMESTEADS on ADDRESSES.ID = HOMESTEADS.ID_ADDRESS WHERE HOMESTEADS.NAME like '%Каменностровский%'	31
адрес дворца культуры им. кирова	SELECT ADDRESSES.STREET, ADDRESSES.HOUSENUMBER, AREAS.NAME FROM AREAS join ADDRESSES on AREAS.ID = ADDRESSES.ID_AREA join HOMESTEADS on ADDRESSES.ID = HOMESTEADS.ID_ADDRESS WHERE HOMESTEADS.NAME like '%культуры им. Кирова%'	263
адрес львовского дворца	SELECT ADDRESSES.STREET, ADDRESSES.HOUSENUMBER, AREAS.NAME FROM AREAS join ADDRESSES on AREAS.ID = ADDRESSES.ID_AREA join HOMESTEADS on ADDRESSES.ID = HOMESTEADS.ID_ADDRESS WHERE HOMESTEADS.NAME like '%Львовский%'	16
адрес мариинского дворца	SELECT ADDRESSES.STREET, ADDRESSES.HOUSENUMBER, AREAS.NAME FROM AREAS join ADDRESSES on AREAS.ID = ADDRESSES.ID_AREA join HOMESTEADS on ADDRESSES.ID = HOMESTEADS.ID_ADDRESS WHERE HOMESTEADS.NAME like '%Мариинский%'	233
адрес дворца Марли	SELECT ADDRESSES.STREET, ADDRESSES.HOUSENUMBER, AREAS.NAME FROM AREAS join ADDRESSES on AREAS.ID = ADDRESSES.ID_AREA join HOMESTEADS on ADDRESSES.ID = HOMESTEADS.ID_ADDRESS WHERE HOMESTEADS.NAME like '%Марли%'	88
адрес Эрмитажа	SELECT ADDRESSES.STREET, ADDRESSES.HOUSENUMBER, AREAS.NAME FROM AREAS join ADDRESSES on AREAS.ID = ADDRESSES.ID_AREA join MUSEUMS on ADDRESSES.ID = MUSEUMS.ID_ADDRESS WHERE MUSEUMS.NAME like '%Эрмитаж%'	198
какие музеи находятся на ул садовая	SELECT MUSEUMS.NAME FROM ADDRESSES join MUSEUMS on ADDRESSES.ID = MUSEUMS.ID_ADDRESS WHERE ADDRESSES.STREET like '%Садовая%'	213
какие музеи находятся на садовой	SELECT MUSEUMS.NAME FROM ADDRESSES join MUSEUMS on ADDRESSES.ID = MUSEUMS.ID_ADDRESS WHERE ADDRESSES.STREET like '%Садовая%'	221
какие музеи находятся на суворовском проспекте	SELECT MUSEUMS.NAME FROM ADDRESSES join MUSEUMS on ADDRESSES.ID = MUSEUMS.ID_ADDRESS WHERE ADDRESSES.STREET like '%Суворовский%'	95
какие музеи находятся на улице пестеля	SELECT MUSEUMS.NAME FROM ADDRESSES join MUSEUMS on ADDRESSES.ID = MUSEUMS.ID_ADDRESS WHERE ADDRESSES.STREET like '%Пестеля%'	58
какие музеи находятся на свечном	SELECT MUSEUMS.NAME FROM ADDRESSES join MUSEUMS on ADDRESSES.ID = MUSEUMS.ID_ADDRESS WHERE ADDRESSES.STREET like '%Свечной%'	131
какие музеи находятся на елагином острове	SELECT MUSEUMS.NAME FROM ADDRESSES join MUSEUMS on ADDRESSES.ID = MUSEUMS.ID_ADDRESS WHERE ADDRESSES.STREET like '%Елагин%'	235
какие музеи находятся на площади свободы	SELECT MUSEUMS.NAME FROM ADDRESSES join MUSEUMS on ADDRESSES.ID = MUSEUMS.ID_ADDRESS WHERE ADDRESSES.STREET like '%Свободы%'	154
какие музеи находятся на невском	SELECT MUSEUMS.NAME FROM ADDRESSES join MUSEUMS on ADDRESSES.ID = MUSEUMS.ID_ADDRESS WHERE ADDRESSES.STREET like '%Невский%'	24
какие музеи находятся на ул жуковского	SELECT MUSEUMS.NAME FROM ADDRESSES join MUSEUMS on ADDRESSES.ID = MUSEUMS.ID_ADDRESS WHERE ADDRESSES.STREET like '%Жуковского%'	220
какие музеи находятся на набережной фонтанки	SELECT MUSEUMS.NAME FROM ADDRESSES join MUSEUMS on ADDRESSES.ID = MUSEUMS.ID_ADDRESS WHERE ADDRESSES.STREET like '%Фонтанки%'	261
какие музеи находятся на наб реки фонтанки	SELECT MUSEUMS.NAME FROM ADDRESSES join MUSEUMS on ADDRESSES.ID = MUSEUMS.ID_ADDRESS WHERE ADDRESSES.STREET like '%Фонтанки%'	57
какие музеи находятся на петроградской набережной	SELECT MUSEUMS.NAME FROM ADDRESSES join MUSEUMS on ADDRESSES.ID = MUSEUMS.ID_ADDRESS WHERE ADDRESSES.STREET like '%Петроградская%'	240
какие музеи находятся на петроградской	SELECT MUSEUMS.NAME FROM ADDRESSES join MUSEUMS on ADDRESSES.ID = MUSEUMS.ID_ADDRESS WHERE ADDRESSES.STREET like '%Петроградская%'	305
какие музеи находятся на рубинштейна	SELECT MUSEUMS.NAME FROM ADDRESSES join MUSEUMS on ADDRESSES.ID = MUSEUMS.ID_ADDRESS WHERE ADDRESSES.STREET like '%Рубинштейна%'	85
какие музеи находятся на большой морской	SELECT MUSEUMS.NAME FROM ADDRESSES join MUSEUMS on ADDRESSES.ID = MUSEUMS.ID_ADDRESS WHERE ADDRESSES.STREET like '%Большая морская%'	172
какие музеи находятся на канале грибоедова	SELECT MUSEUMS.NAME FROM ADDRESSES join MUSEUMS on ADDRESSES.ID = MUSEUMS.ID_ADDRESS WHERE ADDRESSES.STREET like '%Грибоедова%'	60
какие музеи находятся на лиговском проспекте	SELECT MUSEUMS.NAME FROM ADDRESSES join MUSEUMS on ADDRESSES.ID = MUSEUMS.ID_ADDRESS WHERE ADDRESSES.STREET like '%Лиговский%'	147
какие музеи находятся в петергофе	SELECT MUSEUMS.NAME FROM ADDRESSES join MUSEUMS on ADDRESSES.ID = MUSEUMS.ID_ADDRESS WHERE ADDRESSES.STREET like '%Петергоф%'	285
какие музеи находятся в ломоносове	SELECT MUSEUMS.NAME FROM ADDRESSES join MUSEUMS on ADDRESSES.ID = MUSEUMS.ID_ADDRESS WHERE ADDRESSES.STREET like '%Ломоносов%'	116
какие музеи находятся красном селе	SELECT MUSEUMS.NAME FROM ADDRESSES join MUSEUMS on ADDRESSES.ID = MUSEUMS.ID_ADDRESS WHERE ADDRESSES.STREET like '%Красное село%'	81
какие музеи находятся пушкине	SELECT MUSEUMS.NAME FROM ADDRESSES join MUSEUMS on ADDRESSES.ID = MUSEUMS.ID_ADDRESS WHERE ADDRESSES.STREET like '%Пушкин%'	274
какие парки находятся на ул садовая	SELECT PARKS.NAME FROM ADDRESSES join PARKS on ADDRESSES.ID = PARKS.ID_ADDRESS WHERE ADDRESSES.STREET like '%Садовая%'	195
какие парки находятся в г ломоносов	SELECT PARKS.NAME FROM ADDRESSES join PARKS on ADDRESSES.ID = PARKS.ID_ADDRESS WHERE ADDRESSES.STREET like '%Ломоносов%'	279
какие парки находятся в г пушкин	SELECT PARKS.NAME FROM ADDRESSES join PARKS on ADDRESSES.ID = PARKS.ID_ADDRESS WHERE ADDRESSES.STREET like '%Пушкин%'	287
какие парки находятся в г красное село	SELECT PARKS.NAME FROM ADDRESSES join PARKS on ADDRESSES.ID = PARKS.ID_ADDRESS WHERE ADDRESSES.STREET like '%Красное село%'	52
какие парки находятся в красном селе	SELECT PARKS.NAME FROM ADDRESSES join PARKS on ADDRESSES.ID = PARKS.ID_ADDRESS WHERE ADDRESSES.STREET like '%Красное село%'	323
какие парки находятся на ул глинки	SELECT PARKS.NAME FROM ADDRESSES join PARKS on ADDRESSES.ID = PARKS.ID_ADDRESS WHERE ADDRESSES.STREET like '%Глинки%'	84
какие парки находятся на набережной реки мойки	SELECT PARKS.NAME FROM ADDRESSES join PARKS on ADDRESSES.ID = PARKS.ID_ADDRESS WHERE ADDRESSES.STREET like '%Мойки%'	270
какие парки находятся на наб мойки	SELECT PARKS.NAME FROM ADDRESSES join PARKS on ADDRESSES.ID = PARKS.ID_ADDRESS WHERE ADDRESSES.STREET like '%Мойки%'	265
какие парки находятся в г петергоф	SELECT PARKS.NAME FROM ADDRESSES join PARKS on ADDRESSES.ID = PARKS.ID_ADDRESS WHERE ADDRESSES.STREET like '%Петергоф%'	21
какие парки находятся в петергофе	SELECT PARKS.NAME FROM ADDRESSES join PARKS on ADDRESSES.ID = PARKS.ID_ADDRESS WHERE ADDRESSES.STREET like '%Петергоф%'	102
какие парки находятся в стрельне	SELECT PARKS.NAME FROM ADDRESSES join PARKS on ADDRESSES.ID = PARKS.ID_ADDRESS WHERE ADDRESSES.STREET like '%Стрельна%'	203
какие памятники находятся на садовой	SELECT MONUMENTS.NAME FROM ADDRESSES join MONUMENTS on ADDRESSES.ID = MONUMENTS.ID_ADDRESS WHERE ADDRESSES.STREET like '%Садовая%'	85
какие памятники находятся в стрельне	SELECT MONUMENTS.NAME FROM ADDRESSES join MONUMENTS on ADDRESSES.ID = MONUMENTS.ID_ADDRESS WHERE ADDRESSES.STREET like '%Стрельна%'	121
какие памятники находятся в ломоносове	SELECT MONUMENTS.NAME FROM ADDRESSES join MONUMENTS on ADDRESSES.ID = MONUMENTS.ID_ADDRESS WHERE ADDRESSES.STREET like '%Ломоносов%'	251
какие памятники находятся на ул рубинштейна	SELECT MONUMENTS.NAME FROM ADDRESSES join MONUMENTS on ADDRESSES.ID = MONUMENTS.ID_ADDRESS WHERE ADDRESSES.STREET like '%Большая%'	37
какие памятники находятся на милионной улице	SELECT MONUMENTS.NAME FROM ADDRESSES join MONUMENTS on ADDRESSES.ID = MONUMENTS.ID_ADDRESS WHERE ADDRESSES.STREET like '%Милионная%'	152
какие памятники находятся в адмиралтейском районе	SELECT MONUMENTS.NAME FROM AREAS join ADDRESSES on AREAS.ID = ADDRESSES.ID_AREA join MONUMENTS on ADDRESSES.ID = MONUMENTS.ID_ADDRESS WHERE AREAS.NAME like '%Адмиралтейский%'	129
какие памятники находятся в василеостровском районе	SELECT MONUMENTS.NAME FROM AREAS join ADDRESSES on AREAS.ID = ADDRESSES.ID_AREA join MONUMENTS on ADDRESSES.ID = MONUMENTS.ID_ADDRESS WHERE AREAS.NAME like '%Василеостровский%'	35
какие памятники находятся в выборгском районе	SELECT MONUMENTS.NAME FROM AREAS join ADDRESSES on AREAS.ID = ADDRESSES.ID_AREA join MONUMENTS on ADDRESSES.ID = MONUMENTS.ID_ADDRESS WHERE AREAS.NAME like '%Выборгский%'	101
какие памятники находятся в калининском районе	SELECT MONUMENTS.NAME FROM AREAS join ADDRESSES on AREAS.ID = ADDRESSES.ID_AREA join MONUMENTS on ADDRESSES.ID = MONUMENTS.ID_ADDRESS WHERE AREAS.NAME like '%Калининский%'	156
какие памятники находятся в кировском районе	SELECT MONUMENTS.NAME FROM AREAS join ADDRESSES on AREAS.ID = ADDRESSES.ID_AREA join MONUMENTS on ADDRESSES.ID = MONUMENTS.ID_ADDRESS WHERE AREAS.NAME like '%Кировский%'	305
какие памятники находятся в колпинском районе	SELECT MONUMENTS.NAME FROM AREAS join ADDRESSES on AREAS.ID = ADDRESSES.ID_AREA join MONUMENTS on ADDRESSES.ID = MONUMENTS.ID_ADDRESS WHERE AREAS.NAME like '%Колпинский%'	131
какие музеи находятся в адмиралтейском районе	SELECT MUSEUMS.NAME FROM AREAS join ADDRESSES on AREAS.ID = ADDRESSES.ID_AREA join MUSEUMS on ADDRESSES.ID = MUSEUMS.ID_ADDRESS WHERE AREAS.NAME like '%Адмиралтейский%'	59
какие музеи находятся в василеостровском районе	SELECT MUSEUMS.NAME FROM AREAS join ADDRESSES on AREAS.ID = ADDRESSES.ID_AREA join MUSEUMS on ADDRESSES.ID = MUSEUMS.ID_ADDRESS WHERE AREAS.NAME like '%Василеостровский%'	290
какие музеи находятся в выборгском районе	SELECT MUSEUMS.NAME FROM AREAS join ADDRESSES on AREAS.ID = ADDRESSES.ID_AREA join MUSEUMS on ADDRESSES.ID = MUSEUMS.ID_ADDRESS WHERE AREAS.NAME like '%Выборгский%'	157
какие музеи находятся в калининском районе	SELECT MUSEUMS.NAME FROM AREAS join ADDRESSES on AREAS.ID = ADDRESSES.ID_AREA join MUSEUMS on ADDRESSES.ID = MUSEUMS.ID_ADDRESS WHERE AREAS.NAME like '%Калининский%'	38
какие музеи находятся в кировском районе	SELECT MUSEUMS.NAME FROM AREAS join ADDRESSES on AREAS.ID = ADDRESSES.ID_AREA join MUSEUMS on ADDRESSES.ID = MUSEUMS.ID_ADDRESS WHERE AREAS.NAME like '%Кировский%'	314
какие музеи находятся в колпинском районе	SELECT MUSEUMS.NAME FROM AREAS join ADDRESSES on AREAS.ID = ADDRESSES.ID_AREA join MUSEUMS on ADDRESSES.ID = MUSEUMS.ID_ADDRESS WHERE AREAS.NAME like '%Колпинский%'	314
какие парки находятся в адмиралтейском районе	SELECT PARKS.NAME FROM AREAS join ADDRESSES on AREAS.ID = ADDRESSES.ID_AREA join PARKS on ADDRESSES.ID = PARKS.ID_ADDRESS WHERE AREAS.NAME like '%Адмиралтейский%'	296
какие парки находятся в василеостровском районе	SELECT PARKS.NAME FROM AREAS join ADDRESSES on AREAS.ID = ADDRESSES.ID_AREA join PARKS on ADDRESSES.ID = PARKS.ID_ADDRESS WHERE AREAS.NAME like '%Василеостровский%'	117
какие парки находятся в выборгском районе	SELECT PARKS.NAME FROM AREAS join ADDRESSES on AREAS.ID = ADDRESSES.ID_AREA join PARKS on ADDRESSES.ID = PARKS.ID_ADDRESS WHERE AREAS.NAME like '%Выборгский%'	56
какие парки находятся в калининском районе	SELECT PARKS.NAME FROM AREAS join ADDRESSES on AREAS.ID = ADDRESSES.ID_AREA join PARKS on ADDRESSES.ID = PARKS.ID_ADDRESS WHERE AREAS.NAME like '%Калининский%'	118
какие парки находятся в кировском районе	SELECT PARKS.NAME FROM AREAS join ADDRESSES on AREAS.ID = ADDRESSES.ID_AREA join PARKS on ADDRESSES.ID = PARKS.ID_ADDRESS WHERE AREAS.NAME like '%Кировский%'	8
какие парки находятся в колпинском районе	SELECT PARKS.NAME FROM AREAS join ADDRESSES on AREAS.ID = ADDRESSES.ID_AREA join PARKS on ADDRESSES.ID = PARKS.ID_ADDRESS WHERE AREAS.NAME like '%Колпинский%'	249
какие дворцы находятся в адмиралтейском районе	SELECT HOMESTEADS.NAME FROM AREAS join ADDRESSES on AREAS.ID = ADDRESSES.ID_AREA join HOMESTEADS on ADDRESSES.ID = HOMESTEADS.ID_ADDRESS WHERE AREAS.NAME like '%Адмиралтейский%'	19
какие дворцы находятся в василеостровском районе	SELECT HOMESTEADS.NAME FROM AREAS join ADDRESSES on AREAS.ID = ADDRESSES.ID_AREA join HOMESTEADS on ADDRESSES.ID = HOMESTEADS.ID_ADDRESS WHERE AREAS.NAME like '%Василеостровский%'	268
какие дворцы находятся в выборгском районе	SELECT HOMESTEADS.NAME FROM AREAS join ADDRESSES on AREAS.ID = ADDRESSES.ID_AREA join HOMESTEADS on ADDRESSES.ID = HOMESTEADS.ID_ADDRESS WHERE AREAS.NAME like '%Выборгский%'	134
какие дворцы находятся в калининском районе	SELECT HOMESTEADS.NAME FROM AREAS join ADDRESSES on AREAS.ID = ADDRESSES.ID_AREA join HOMESTEADS on ADDRESSES.ID = HOMESTEADS.ID_ADDRESS WHERE AREAS.NAME like '%Калининский%'	7
какие дворцы находятся в кировском районе	SELECT HOMESTEADS.NAME FROM AREAS join ADDRESSES on AREAS.ID = ADDRESSES.ID_AREA join HOMESTEADS on ADDRESSES.ID = HOMESTEADS.ID_ADDRESS WHERE AREAS.NAME like '%Кировский%'	133
какие дворцы находятся в колпинском районе	SELECT HOMESTEADS.NAME FROM AREAS join ADDRESSES on AREAS.ID = ADDRESSES.ID_AREA join HOMESTEADS on ADDRESSES.ID = HOMESTEADS.ID_ADDRESS WHERE AREAS.NAME like '%Колпинский%'	152
сколько памятников находится в адмиралтейском районе	SELECT COUNT(*) FROM AREAS join ADDRESSES on AREAS.ID = ADDRESSES.ID_AREA join MONUMENTS on ADDRESSES.ID = MONUMENTS.ID_ADDRESS WHERE AREAS.NAME like '%Адмиралтейский%'	210
сколько памятников находится в василеостровском районе	SELECT COUNT(*) FROM AREAS join ADDRESSES on AREAS.ID = ADDRESSES.ID_AREA join MONUMENTS on ADDRESSES.ID = MONUMENTS.ID_ADDRESS WHERE AREAS.NAME like '%Василеостровский%'	84
сколько музеев находится в выборгском районе	SELECT  COUNT(*) FROM AREAS join ADDRESSES on AREAS.ID = ADDRESSES.ID_AREA join MUSEUMS on ADDRESSES.ID = MUSEUMS.ID_ADDRESS WHERE AREAS.NAME like '%Выборгский%'	199
сколько музеев находится в калининском районе	SELECT  COUNT(*) FROM AREAS join ADDRESSES on AREAS.ID = ADDRESSES.ID_AREA join MUSEUMS on ADDRESSES.ID = MUSEUMS.ID_ADDRESS WHERE AREAS.NAME like '%Калининский%'	159
сколько парков находится в колпинском районе	SELECT COUNT(*) FROM AREAS join ADDRESSES on AREAS.ID = ADDRESSES.ID_AREA join PARKS on ADDRESSES.ID = PARKS.ID_ADDRESS WHERE AREAS.NAME like '%Колпинский%'	180
сколько дворцов находится в выборгском районе	SELECT COUNT(*) FROM AREAS join ADDRESSES on AREAS.ID = ADDRESSES.ID_AREA join HOMESTEADS on ADDRESSES.ID = HOMESTEADS.ID_ADDRESS WHERE AREAS.NAME like '%Выборгский%'	156
сколько музеев находится на ул рубинштейна	SELECT COUNT(*) FROM ADDRESSES join MUSEUMS on ADDRESSES.ID = MUSEUMS.ID_ADDRESS WHERE ADDRESSES.STREET like '%Рубинштейна%'	185
сколько музеев находится на ул садовая	SELECT COUNT(*) FROM ADDRESSES join MUSEUMS on ADDRESSES.ID = MUSEUMS.ID_ADDRESS WHERE ADDRESSES.STREET like '%Садовая%'	160
сколько музеев находится в петергофе	SELECT COUNT(*) FROM ADDRESSES join MUSEUMS on ADDRESSES.ID = MUSEUMS.ID_ADDRESS WHERE ADDRESSES.STREET like '%Петергоф%'	135
сколько музеев находится в пушкине	SELECT COUNT(*) FROM ADDRESSES join MUSEUMS on ADDRESSES.ID = MUSEUMS.ID_ADDRESS WHERE ADDRESSES.STREET like '%Пушкин%'	234
сколько памятников находится в ломоносове	SELECT COUNT(*) FROM ADDRESSES join MONUMENTS on ADDRESSES.ID = MONUMENTS.ID_ADDRESS WHERE ADDRESSES.STREET like '%Ломоносов%'	18
сколько памятников находится на лиговском проспекте	SELECT COUNT(*) FROM ADDRESSES join MONUMENTS on ADDRESSES.ID = MONUMENTS.ID_ADDRESS WHERE ADDRESSES.STREET like '%Лиговский%'	250
сколько парков в петергофе	SELECT COUNT(*) FROM ADDRESSES join PARKS on ADDRESSES.ID = PARKS.ID_ADDRESS WHERE ADDRESSES.STREET like '%Петергоф%'	16
какие парки есть в петергофе	SELECT PARKS.NAME FROM ADDRESSES join PARKS on ADDRESSES.ID = PARKS.ID_ADDRESS WHERE ADDRESSES.STREET like '%Петергоф%'	250
какой парк находится по адресу ул садовая, 1	SELECT PARKS.NAME FROM ADDRESSES join PARKS on ADDRESSES.ID = PARKS.ID_ADDRESS WHERE ADDRESSES.STREET like '%Садовая%' and ADDRESSES.HOUSENUMBER like '%1%'	295
какой музей находится по адресу лиговский пр, 5	SELECT MUSEUMS.NAME FROM ADDRESSES join MUSEUMS on ADDRESSES.ID = MUSEUMS.ID_ADDRESS WHERE ADDRESSES.STREET like '%Лиговский%' and ADDRESSES.HOUSENUMBER like '%5%'	64
какие музеи есть в ломоносове	SELECT MUSEUMS.NAME FROM ADDRESSES join MUSEUMS on ADDRESSES.ID = MUSEUMS.ID_ADDRESS WHERE ADDRESSES.STREET like '%Ломоносов%'	221
памятники пушкину	SELECT MONUMENTS.* FROM MONUMENTS WHERE MONUMENTS.NAME like '%Пушкину%'	323
памятники ленину	SELECT MONUMENTS.* FROM MONUMENTS WHERE MONUMENTS.NAME like '%Ленину%'	221
что такое нижний парк	SELECT PARKS.DESCRIPTION FROM PARKS WHERE PARKS.NAME like '%Нижний%'	286
сколько музеев находится в невском районе	SELECT COUNT(*) FROM AREAS join ADDRESSES on AREAS.ID = ADDRESSES.ID_AREA join MONUMENTS on ADDRESSES.ID = MONUMENTS.ID_ADDRESS WHERE AREAS.NAME like '%Невский%'	95
сколько музеев находится в центральном районе	SELECT COUNT(*) FROM AREAS join ADDRESSES on AREAS.ID = ADDRESSES.ID_AREA join MONUMENTS on ADDRESSES.ID = MONUMENTS.ID_ADDRESS WHERE AREAS.NAME like '%Центральный%'	282
сколько галерей находится в невском районе	SELECT COUNT(*) FROM AREAS join ADDRESSES on AREAS.ID = ADDRESSES.ID_AREA join MONUMENTS on ADDRESSES.ID = MONUMENTS.ID_ADDRESS WHERE AREAS.NAME like '%Невский%'	294
сколько галерей находится в центральном районе	SELECT COUNT(*) FROM AREAS join ADDRESSES on AREAS.ID = ADDRESSES.ID_AREA join MONUMENTS on ADDRESSES.ID = MONUMENTS.ID_ADDRESS WHERE AREAS.NAME like '%Центральный%'	229
сколько музеев находится в петроградском районе	SELECT COUNT(*) FROM AREAS join ADDRESSES on AREAS.ID = ADDRESSES.ID_AREA join MONUMENTS on ADDRESSES.ID = MONUMENTS.ID_ADDRESS WHERE AREAS.NAME like '%Петроградский%'	46
сколько музеев находится в петродворцовом районе	SELECT COUNT(*) FROM AREAS join ADDRESSES on AREAS.ID = ADDRESSES.ID_AREA join MONUMENTS on ADDRESSES.ID = MONUMENTS.ID_ADDRESS WHERE AREAS.NAME like '%Петродворцовый%'	86
сколько музеев находится в пушкинском районе	SELECT COUNT(*) FROM AREAS join ADDRESSES on AREAS.ID = ADDRESSES.ID_AREA join MONUMENTS on ADDRESSES.ID = MONUMENTS.ID_ADDRESS WHERE AREAS.NAME like '%Пушкинский%'	77
сколько музеев находится в приморском районе	SELECT COUNT(*) FROM AREAS join ADDRESSES on AREAS.ID = ADDRESSES.ID_AREA join MONUMENTS on ADDRESSES.ID = MONUMENTS.ID_ADDRESS WHERE AREAS.NAME like '%Приморский%'	197
сколько галерей находится в кронштадском районе	SELECT COUNT(*) FROM AREAS join ADDRESSES on AREAS.ID = ADDRESSES.ID_AREA join MONUMENTS on ADDRESSES.ID = MONUMENTS.ID_ADDRESS WHERE AREAS.NAME like '%Петроградский%'	232
сколько галерей находится в петродворцовом районе	SELECT COUNT(*) FROM AREAS join ADDRESSES on AREAS.ID = ADDRESSES.ID_AREA join MONUMENTS on ADDRESSES.ID = MONUMENTS.ID_ADDRESS WHERE AREAS.NAME like '%Петродворцовый%'	95
сколько галерей находится в пушкинском районе	SELECT COUNT(*) FROM AREAS join ADDRESSES on AREAS.ID = ADDRESSES.ID_AREA join MONUMENTS on ADDRESSES.ID = MONUMENTS.ID_ADDRESS WHERE AREAS.NAME like '%Пушкинский%'	18
сколько галерей находится в приморском районе	SELECT COUNT(*) FROM AREAS join ADDRESSES on AREAS.ID = ADDRESSES.ID_AREA join MONUMENTS on ADDRESSES.ID = MONUMENTS.ID_ADDRESS WHERE AREAS.NAME like '%Приморский%'	123
в какой галерее представлено искусство русского севера	SELECT MUSEUMS.NAME FROM MUSEUMS WHERE MUSEUMS.DESCRIPTION like '%искусство Русского Севера%'	228
в каком районе находится дом вургафта	SELECT AREAS.NAME FROM AREAS join ADDRESSES on AREAS.ID = ADDRESSES.ID_AREA join MONUMENTS on ADDRESSES.ID = MONUMENTS.ID_ADDRESS WHERE MONUMENTS.NAME like '%Дом Вургафта с участком парка%'	274
в каком районе находится екатерингофский парк	SELECT AREAS.NAME FROM AREAS join ADDRESSES on AREAS.ID = ADDRESSES.ID_AREA join PARKS on ADDRESSES.ID = PARKS.ID_ADDRESS WHERE PARKS.NAME like '%Екатерингофский парк%'	272
в каком районе находится екатерининский парк	SELECT AREAS.NAME FROM AREAS join ADDRESSES on AREAS.ID = ADDRESSES.ID_AREA join PARKS on ADDRESSES.ID = PARKS.ID_ADDRESS WHERE PARKS.NAME like '%Екатерининский дворец и парк%'	221
в каком районе находятся ближние дубки	SELECT AREAS.NAME FROM AREAS join ADDRESSES on AREAS.ID = ADDRESSES.ID_AREA join PARKS on ADDRESSES.ID = PARKS.ID_ADDRESS WHERE PARKS.NAME like '%Ближние дубки%'	257
в каком районе находится колонистский парк	SELECT AREAS.NAME FROM AREAS join ADDRESSES on AREAS.ID = ADDRESSES.ID_AREA join PARKS on ADDRESSES.ID = PARKS.ID_ADDRESS WHERE PARKS.NAME like '%Колонистский%'	225
в каком районе находится александрийский парк	SELECT AREAS.NAME FROM AREAS join ADDRESSES on AREAS.ID = ADDRESSES.ID_AREA join PARKS on ADDRESSES.ID = PARKS.ID_ADDRESS WHERE PARKS.NAME like '%Александрийский%'	111
в каком районе находится александровский парк	SELECT AREAS.NAME FROM AREAS join ADDRESSES on AREAS.ID = ADDRESSES.ID_AREA join PARKS on ADDRESSES.ID = PARKS.ID_ADDRESS WHERE PARKS.NAME like '%Александровский%'	1
в каком районе находится нижний парк	SELECT AREAS.NAME FROM AREAS join ADDRESSES on AREAS.ID = ADDRESSES.ID_AREA join PARKS on ADDRESSES.ID = PARKS.ID_ADDRESS WHERE PARKS.NAME like '%Нижний парк%'	178
в каком районе находится павловский дворцово-парковый ансамбль	SELECT AREAS.NAME FROM AREAS join ADDRESSES on AREAS.ID = ADDRESSES.ID_AREA join PARKS on ADDRESSES.ID = PARKS.ID_ADDRESS WHERE PARKS.NAME like '%Павловский дворцово-парковый ансамбль%'	155
в каком районе находится павловский парк	SELECT AREAS.NAME FROM AREAS join ADDRESSES on AREAS.ID = ADDRESSES.ID_AREA join PARKS on ADDRESSES.ID = PARKS.ID_ADDRESS WHERE PARKS.NAME like '%Павловский дворцово-парковый ансамбль%'	179
в каком районе находится александрова дача	SELECT AREAS.NAME FROM AREAS join ADDRESSES on AREAS.ID = ADDRESSES.ID_AREA join PARKS on ADDRESSES.ID = PARKS.ID_ADDRESS WHERE PARKS.NAME like '%Парк "Александрова дача"%'	62
в каком районе находится дворцовый парк	SELECT AREAS.NAME FROM AREAS join ADDRESSES on AREAS.ID = ADDRESSES.ID_AREA join PARKS on ADDRESSES.ID = PARKS.ID_ADDRESS WHERE PARKS.NAME like '%Парк "Дворцовый"%'	99
в каком районе находится парк "дубки"	SELECT AREAS.NAME FROM AREAS join ADDRESSES on AREAS.ID = ADDRESSES.ID_AREA join PARKS on ADDRESSES.ID = PARKS.ID_ADDRESS WHERE PARKS.NAME like '%Парк "Дубки"%'	132
в каком районе находятся дубки	SELECT AREAS.NAME FROM AREAS join ADDRESSES on AREAS.ID = ADDRESSES.ID_AREA join PARKS on ADDRESSES.ID = PARKS.ID_ADDRESS WHERE PARKS.NAME like '%Парк "Дубки"%'	102
в каком районе находится кронколония	SELECT AREAS.NAME FROM AREAS join ADDRESSES on AREAS.ID = ADDRESSES.ID_AREA join PARKS on ADDRESSES.ID = PARKS.ID_ADDRESS WHERE PARKS.NAME like '%Парк "Дубки" (Кронколония)%'	83
в каком районе находится парк "мариенталь"	SELECT AREAS.NAME FROM AREAS join ADDRESSES on AREAS.ID = ADDRESSES.ID_AREA join PARKS on ADDRESSES.ID = PARKS.ID_ADDRESS WHERE PARKS.NAME like '%Парк "Мариенталь"%'	279
в каком районе находится мариенталь	SELECT AREAS.NAME FROM AREAS join ADDRESSES on AREAS.ID = ADDRESSES.ID_AREA join PARKS on ADDRESSES.ID = PARKS.ID_ADDRESS WHERE PARKS.NAME like '%Парк "Мариенталь"%'	281
в каком районе находится парк "марьина гора"	SELECT AREAS.NAME FROM AREAS join ADDRESSES on AREAS.ID = ADDRESSES.ID_AREA join PARKS on ADDRESSES.ID = PARKS.ID_ADDRESS WHERE PARKS.NAME like '%Парк "Марьина гора" (Усадьба "Мариоки")%'	48
в каком районе находится усадьба "мариоки"	SELECT AREAS.NAME FROM AREAS join ADDRESSES on AREAS.ID = ADDRESSES.ID_AREA join PARKS on ADDRESSES.ID = PARKS.ID_ADDRESS WHERE PARKS.NAME like '%Парк "Марьина гора" (Усадьба "Мариоки")%'	137
в каком районе находится марьина гора	SELECT AREAS.NAME FROM AREAS join ADDRESSES on AREAS.ID = ADDRESSES.ID_AREA join PARKS on ADDRESSES.ID = PARKS.ID_ADDRESS WHERE PARKS.NAME like '%Парк "Марьина гора" (Усадьба "Мариоки")%'	111
в каком районе находится мариоки	SELECT AREAS.NAME FROM AREAS join ADDRESSES on AREAS.ID = ADDRESSES.ID_AREA join PARKS on ADDRESSES.ID = PARKS.ID_ADDRESS WHERE PARKS.NAME like '%Парк "Марьина гора" (Усадьба "Мариоки")%'	172
в каком районе находится нагорный парк	SELECT AREAS.NAME FROM AREAS join ADDRESSES on AREAS.ID = ADDRESSES.ID_AREA join PARKS on ADDRESSES.ID = PARKS.ID_ADDRESS WHERE PARKS.NAME like '%Парк "Нагорный"%'	57
в каком районе находится выставочный центр санкт-петербургского союза художников	SELECT AREAS.NAME FROM AREAS join ADDRESSES on AREAS.ID = ADDRESSES.ID_AREA join MUSEUMS on ADDRESSES.ID = PARKS.ID_ADDRESS WHERE MUSEUMS.NAME like '%Выставочный центр Санкт-Петербургского Союза художников%'	253
в каком районе находится выставочный центр союза художников	SELECT AREAS.NAME FROM AREAS join ADDRESSES on AREAS.ID = ADDRESSES.ID_AREA join MUSEUMS on ADDRESSES.ID = PARKS.ID_ADDRESS WHERE MUSEUMS.NAME like '%Выставочный центр Санкт-Петербургского Союза художников%'	115
в каком районе находится выставочный центр союза художников спб	SELECT AREAS.NAME FROM AREAS join ADDRESSES on AREAS.ID = ADDRESSES.ID_AREA join MUSEUMS on ADDRESSES.ID = PARKS.ID_ADDRESS WHERE MUSEUMS.NAME like '%Выставочный центр Санкт-Петербургского Союза художников"%'	295
в каком районе находится галерея anna nova	SELECT AREAS.NAME FROM AREAS join ADDRESSES on AREAS.ID = ADDRESSES.ID_AREA join MUSEUMS on ADDRESSES.ID = PARKS.ID_ADDRESS WHERE MUSEUMS.NAME like '%Галерея Anna Nova%'	113
в каком районе находится anna nova	SELECT AREAS.NAME FROM AREAS join ADDRESSES on AREAS.ID = ADDRESSES.ID_AREA join MUSEUMS on ADDRESSES.ID = PARKS.ID_ADDRESS WHERE MUSEUMS.NAME like '%Галерея Anna Nova%'	94
в каком районе находится анна нова	SELECT AREAS.NAME FROM AREAS join ADDRESSES on AREAS.ID = ADDRESSES.ID_AREA join MUSEUMS on ADDRESSES.ID = PARKS.ID_ADDRESS WHERE MUSEUMS.NAME like '%Галерея Anna Nova%'	80
в каком районе находится эрмитаж	SELECT AREAS.NAME FROM AREAS join ADDRESSES on AREAS.ID = ADDRESSES.ID_AREA join MUSEUMS on ADDRESSES.ID = PARKS.ID_ADDRESS WHERE MUSEUMS.NAME like '%Эрмитаж%'	313
в каком районе находится дворец монплезир	SELECT AREAS.NAME FROM AREAS join ADDRESSES on AREAS.ID = ADDRESSES.ID_AREA join HOMESTEADS on ADDRESSES.ID = HOMESTEADS.ID_ADDRESS WHERE HOMESTEADS.NAME like '%Дворец Монплезир%'	254
в каком районе находится монплезир	SELECT AREAS.NAME FROM AREAS join ADDRESSES on AREAS.ID = ADDRESSES.ID_AREA join HOMESTEADS on ADDRESSES.ID = HOMESTEADS.ID_ADDRESS WHERE HOMESTEADS.NAME like '%Дворец Монплезир%'	41
в каком районе находится дворец марли	SELECT AREAS.NAME FROM AREAS join ADDRESSES on AREAS.ID = ADDRESSES.ID_AREA join HOMESTEADS on ADDRESSES.ID = HOMESTEADS.ID_ADDRESS WHERE HOMESTEADS.NAME like '%Дворец Марли%'	217
в каком районе находится марли	SELECT AREAS.NAME FROM AREAS join ADDRESSES on AREAS.ID = ADDRESSES.ID_AREA join HOMESTEADS on ADDRESSES.ID = HOMESTEADS.ID_ADDRESS WHERE HOMESTEADS.NAME like '%Дворец Марли%'	221
в каком районе находится каменностровский дворец	SELECT AREAS.NAME FROM AREAS join ADDRESSES on AREAS.ID = ADDRESSES.ID_AREA join HOMESTEADS on ADDRESSES.ID = HOMESTEADS.ID_ADDRESS WHERE HOMESTEADS.NAME like '%Дворец Каменноостровский%'	23
в каком районе находится дворец бобринских	SELECT AREAS.NAME FROM AREAS join ADDRESSES on AREAS.ID = ADDRESSES.ID_AREA join HOMESTEADS on ADDRESSES.ID = HOMESTEADS.ID_ADDRESS WHERE HOMESTEADS.NAME like '%Дворец Бобринских%'	67
где находится дом вургафта	SELECT ADDRESSES.STREET, ADDRESSES.HOUSENUMBER, AREAS.NAME FROM AREAS join ADDRESSES on AREAS.ID = ADDRESSES.ID_AREA join MONUMENTS on ADDRESSES.ID = MONUMENTS.ID_ADDRESS WHERE MONUMENTS.NAME like '%Дом Вургафта с участком парка%'	304
где находится екатерингофский парк	SELECT ADDRESSES.STREET, ADDRESSES.HOUSENUMBER, AREAS.NAME FROM AREAS join ADDRESSES on AREAS.ID = ADDRESSES.ID_AREA join PARKS on ADDRESSES.ID = PARKS.ID_ADDRESS WHERE PARKS.NAME like '%Екатерингофский парк%'	75
где находится ближние дубки	SELECT ADDRESSES.STREET, ADDRESSES.HOUSENUMBER, AREAS.NAME FROM AREAS join ADDRESSES on AREAS.ID = ADDRESSES.ID_AREA join PARKS on ADDRESSES.ID = PARKS.ID_ADDRESS WHERE PARKS.NAME like '%Ближние дубки%'	133
где находится александровский парк	SELECT ADDRESSES.STREET, ADDRESSES.HOUSENUMBER, AREAS.NAME FROM AREAS join ADDRESSES on AREAS.ID = ADDRESSES.ID_AREA join PARKS on ADDRESSES.ID = PARKS.ID_ADDRESS WHERE PARKS.NAME like '%Александровский%'	321
где находится дворцовый парк	SELECT ADDRESSES.STREET, ADDRESSES.HOUSENUMBER, AREAS.NAME FROM AREAS join ADDRESSES on AREAS.ID = ADDRESSES.ID_AREA join PARKS on ADDRESSES.ID = PARKS.ID_ADDRESS WHERE PARKS.NAME like '%Дворцовый%'	213
где находится екатерининский парк	SELECT ADDRESSES.STREET, ADDRESSES.HOUSENUMBER, AREAS.NAME FROM AREAS join ADDRESSES on AREAS.ID = ADDRESSES.ID_AREA join PARKS on ADDRESSES.ID = PARKS.ID_ADDRESS WHERE PARKS.NAME like '%Екатерининский дворец и парк%'	220
где находится александрийский парк	SELECT ADDRESSES.STREET, ADDRESSES.HOUSENUMBER, AREAS.NAME FROM AREAS join ADDRESSES on AREAS.ID = ADDRESSES.ID_AREA join PARKS on ADDRESSES.ID = PARKS.ID_ADDRESS WHERE PARKS.NAME like '%Александрийский%'	108
где находится александровский парк	SELECT ADDRESSES.STREET, ADDRESSES.HOUSENUMBER, AREAS.NAME FROM AREAS join ADDRESSES on AREAS.ID = ADDRESSES.ID_AREA join PARKS on ADDRESSES.ID = PARKS.ID_ADDRESS WHERE PARKS.NAME like '%Александровский%'	266
где находится нижний парк	SELECT ADDRESSES.STREET, ADDRESSES.HOUSENUMBER, AREAS.NAME FROM AREAS join ADDRESSES on AREAS.ID = ADDRESSES.ID_AREA join PARKS on ADDRESSES.ID = PARKS.ID_ADDRESS WHERE PARKS.NAME like '%Нижний парк%'	103
где находится павловский дворцово-парковый ансамбль	SELECT ADDRESSES.STREET, ADDRESSES.HOUSENUMBER, AREAS.NAME FROM AREAS join ADDRESSES on AREAS.ID = ADDRESSES.ID_AREA join PARKS on ADDRESSES.ID = PARKS.ID_ADDRESS WHERE PARKS.NAME like '%Павловский дворцово-парковый ансамбль%'	232
где находится павловский парк	SELECT ADDRESSES.STREET, ADDRESSES.HOUSENUMBER, AREAS.NAME FROM AREAS join ADDRESSES on AREAS.ID = ADDRESSES.ID_AREA join PARKS on ADDRESSES.ID = PARKS.ID_ADDRESS WHERE PARKS.NAME like '%Павловский дворцово-парковый ансамбль%'	130
где находится александрова дача	SELECT ADDRESSES.STREET, ADDRESSES.HOUSENUMBER, AREAS.NAME FROM AREAS join ADDRESSES on AREAS.ID = ADDRESSES.ID_AREA join PARKS on ADDRESSES.ID = PARKS.ID_ADDRESS WHERE PARKS.NAME like '%Парк "Александрова дача"%'	240
когда состоялось открытие медного всадника	SELECT MONUMENTS.DESCRIPTON FROM MONUMENTS WHERE MONUMENTS.NAME like '%Медный всадник%'	309
что такое медный всадник	SELECT MONUMENTS.DESCRIPTON FROM MONUMENTS WHERE MONUMENTS.NAME like '%Медный всадник%'	320
какие памятники открыты в 1908 году	SELECT MONUMENTS.NAME FROM MONUMENTS WHERE MONUMENTS.DESCRIPTION like '%1908 Г.%'	244
какие музеи находятся в красногвардейском районе	SELECT MUSEUMS.NAME FROM AREAS join ADDRESSES on AREAS.ID = ADDRESSES.ID_AREA join MUSEUMS on ADDRESSES.ID = MUSEUMS.ID_ADDRESS WHERE AREAS.NAME like '%Красногвардейский%'	277
какие музеи находятся в красносельском районе	SELECT MUSEUMS.NAME FROM AREAS join ADDRESSES on AREAS.ID = ADDRESSES.ID_AREA join MUSEUMS on ADDRESSES.ID = MUSEUMS.ID_ADDRESS WHERE AREAS.NAME like '%Красносельский%'	48
какие музеи находятся в кронштадском районе	SELECT MUSEUMS.NAME FROM AREAS join ADDRESSES on AREAS.ID = ADDRESSES.ID_AREA join MUSEUMS on ADDRESSES.ID = MUSEUMS.ID_ADDRESS WHERE AREAS.NAME like '%Кронштадтский%'	207
какие музеи находятся в калининском районе	SELECT MUSEUMS.NAME FROM AREAS join ADDRESSES on AREAS.ID = ADDRESSES.ID_AREA join MUSEUMS on ADDRESSES.ID = MUSEUMS.ID_ADDRESS WHERE AREAS.NAME like '%Калининский%'	12
какие музеи находятся в кировском районе	SELECT MUSEUMS.NAME FROM AREAS join ADDRESSES on AREAS.ID = ADDRESSES.ID_AREA join MUSEUMS on ADDRESSES.ID = MUSEUMS.ID_ADDRESS WHERE AREAS.NAME like '%Кировский%'	56
какие музеи находятся в колпинском районе	SELECT MUSEUMS.NAME FROM AREAS join ADDRESSES on AREAS.ID = ADDRESSES.ID_AREA join MUSEUMS on ADDRESSES.ID = MUSEUMS.ID_ADDRESS WHERE AREAS.NAME like '%Колпинский%'	218
какие парки находятся в красногвардейском районе	SELECT PARKS.NAME FROM AREAS join ADDRESSES on AREAS.ID = ADDRESSES.ID_AREA join PARKS on ADDRESSES.ID = PARKS.ID_ADDRESS WHERE AREAS.NAME like '%Красногвардейский%'	19
какие парки находятся в красносельском районе	SELECT PARKS.NAME FROM AREAS join ADDRESSES on AREAS.ID = ADDRESSES.ID_AREA join PARKS on ADDRESSES.ID = PARKS.ID_ADDRESS WHERE AREAS.NAME like '%Красносельский%'	106
какие парки находятся в выборгском районе	SELECT PARKS.NAME FROM AREAS join ADDRESSES on AREAS.ID = ADDRESSES.ID_AREA join PARKS on ADDRESSES.ID = PARKS.ID_ADDRESS WHERE AREAS.NAME like '%Кронштадтский%'	287
какие парки находятся в калининском районе	SELECT PARKS.NAME FROM AREAS join ADDRESSES on AREAS.ID = ADDRESSES.ID_AREA join PARKS on ADDRESSES.ID = PARKS.ID_ADDRESS WHERE AREAS.NAME like '%Калининский%'	113
какие парки находятся в кировском районе	SELECT PARKS.NAME FROM AREAS join ADDRESSES on AREAS.ID = ADDRESSES.ID_AREA join PARKS on ADDRESSES.ID = PARKS.ID_ADDRESS WHERE AREAS.NAME like '%Кировский%'	17
какие парки находятся в колпинском районе	SELECT PARKS.NAME FROM AREAS join ADDRESSES on AREAS.ID = ADDRESSES.ID_AREA join PARKS on ADDRESSES.ID = PARKS.ID_ADDRESS WHERE AREAS.NAME like '%Колпинский%'	247
какие дворцы находятся в красногвардейском районе	SELECT HOMESTEADS.NAME FROM AREAS join ADDRESSES on AREAS.ID = ADDRESSES.ID_AREA join HOMESTEADS on ADDRESSES.ID = HOMESTEADS.ID_ADDRESS WHERE AREAS.NAME like '%Красногвардейский%'	191
какие дворцы находятся в красносельском районе	SELECT HOMESTEADS.NAME FROM AREAS join ADDRESSES on AREAS.ID = ADDRESSES.ID_AREA join HOMESTEADS on ADDRESSES.ID = HOMESTEADS.ID_ADDRESS WHERE AREAS.NAME like '%Красносельский%'	227
какие дворцы находятся в кронштадском районе	SELECT HOMESTEADS.NAME FROM AREAS join ADDRESSES on AREAS.ID = ADDRESSES.ID_AREA join HOMESTEADS on ADDRESSES.ID = HOMESTEADS.ID_ADDRESS WHERE AREAS.NAME like '%Кронштадтский%'	139
какие дворцы находятся в калининском районе	SELECT HOMESTEADS.NAME FROM AREAS join ADDRESSES on AREAS.ID = ADDRESSES.ID_AREA join HOMESTEADS on ADDRESSES.ID = HOMESTEADS.ID_ADDRESS WHERE AREAS.NAME like '%Калининский%'	171
какие дворцы находятся в кировском районе	SELECT HOMESTEADS.NAME FROM AREAS join ADDRESSES on AREAS.ID = ADDRESSES.ID_AREA join HOMESTEADS on ADDRESSES.ID = HOMESTEADS.ID_ADDRESS WHERE AREAS.NAME like '%Кировский%'	204
какие дворцы находятся в колпинском районе	SELECT HOMESTEADS.NAME FROM AREAS join ADDRESSES on AREAS.ID = ADDRESSES.ID_AREA join HOMESTEADS on ADDRESSES.ID = HOMESTEADS.ID_ADDRESS WHERE AREAS.NAME like '%Колпинский%'	109
сколько памятников находится в красногвардейском районе	SELECT COUNT(*) FROM AREAS join ADDRESSES on AREAS.ID = ADDRESSES.ID_AREA join MONUMENTS on ADDRESSES.ID = MONUMENTS.ID_ADDRESS WHERE AREAS.NAME like '%Красногвардейский%'	35
сколько памятников находится в красносельском районе	SELECT COUNT(*) FROM AREAS join ADDRESSES on AREAS.ID = ADDRESSES.ID_AREA join MONUMENTS on ADDRESSES.ID = MONUMENTS.ID_ADDRESS WHERE AREAS.NAME like '%Красносельский%'	104
сколько памятников находится в кронштадском районе	SELECT COUNT(*) FROM AREAS join ADDRESSES on AREAS.ID = ADDRESSES.ID_AREA join MONUMENTS on ADDRESSES.ID = MONUMENTS.ID_ADDRESS WHERE AREAS.NAME like '%Кронштадтский%'	205